MEASUREMENT_TIME,VALUE,ID_INPUT,PRIVATE_DATA
26:06.1,cmd.exe,0,0
26:15.1,explorer.exe,0,0
26:16.6,devenv.exe,0,0
27:18.6,Teams.exe,0,0
27:20.6,Teams.exe,0,0
27:23.1,devenv.exe,0,0
27:27.1,devenv.exe,0,0
27:27.6,devenv.exe,0,0
27:28.1,devenv.exe,0,0
27:28.6,devenv.exe,0,0
27:31.6,explorer.exe,0,0
27:39.1,explorer.exe,0,0
27:40.1,OUTLOOK.EXE,0,0
27:47.6,OUTLOOK.EXE,0,0
27:54.1,Teams.exe,0,0
27:57.6,OUTLOOK.EXE,0,0
28:01.1,explorer.exe,0,0
28:02.6,OUTLOOK.EXE,0,0
29:43.6,Teams.exe,0,0
29:44.6,Teams.exe,0,0
29:53.1,Teams.exe,0,0
29:56.6,Teams.exe,0,0
29:57.1,Teams.exe,0,0
29:57.6,Teams.exe,0,0
30:00.1,OUTLOOK.EXE,0,0
30:02.1,OUTLOOK.EXE,0,0
30:08.1,OUTLOOK.EXE,0,0
30:12.6,OUTLOOK.EXE,0,0
30:14.1,OUTLOOK.EXE,0,0
30:15.6,OUTLOOK.EXE,0,0
30:17.6,OUTLOOK.EXE,0,0
30:31.1,chrome.exe,0,0
30:34.1,chrome.exe,0,0
30:58.1,explorer.exe,0,0
32:02.6,chrome.exe,0,0
36:16.6,chrome.exe,0,0
36:17.1,chrome.exe,0,0
36:17.6,chrome.exe,0,0
37:17.6,Teams.exe,0,0
37:25.6,chrome.exe,0,0
38:03.6,explorer.exe,0,0
38:08.6,Teams.exe,0,0
38:09.1,Teams.exe,0,0
38:12.1,Teams.exe,0,0
41:34.6,explorer.exe,0,0
41:43.6,POWERPNT.EXE,0,0
41:52.1,POWERPNT.EXE,0,0
41:53.6,POWERPNT.EXE,0,0
42:14.6,POWERPNT.EXE,0,0
42:16.1,POWERPNT.EXE,0,0
42:36.6,POWERPNT.EXE,0,0
42:38.1,POWERPNT.EXE,0,0
42:42.1,POWERPNT.EXE,0,0
42:45.1,POWERPNT.EXE,0,0
44:13.1,POWERPNT.EXE,0,0
44:14.1,POWERPNT.EXE,0,0
44:15.6,POWERPNT.EXE,0,0
44:16.6,POWERPNT.EXE,0,0
48:03.1,explorer.exe,0,0
48:05.6,OUTLOOK.EXE,0,0
48:52.1,OUTLOOK.EXE,0,0
49:29.6,Teams.exe,0,0
49:32.6,Teams.exe,0,0
49:38.6,OUTLOOK.EXE,0,0
51:05.6,OUTLOOK.EXE,0,0
51:07.1,OUTLOOK.EXE,0,0
51:32.1,Teams.exe,0,0
51:39.1,POWERPNT.EXE,0,0
51:40.6,Teams.exe,0,0
51:41.6,chrome.exe,0,0
51:58.1,Teams.exe,0,0
52:01.1,Teams.exe,0,0
52:04.6,OUTLOOK.EXE,0,0
53:21.6,Teams.exe,0,0
53:23.6,Teams.exe,0,0
54:10.6,Teams.exe,0,0
54:14.6,Teams.exe,0,0
56:27.1,explorer.exe,0,0
56:28.1,OUTLOOK.EXE,0,0
56:46.6,OUTLOOK.EXE,0,0
59:24.6,OUTLOOK.EXE,0,0
00:06.6,OUTLOOK.EXE,0,0
00:11.6,OUTLOOK.EXE,0,0
00:13.1,OUTLOOK.EXE,0,0
00:20.1,OUTLOOK.EXE,0,0
00:22.1,Teams.exe,0,0
02:07.6,Teams.exe,0,0
02:14.1,OUTLOOK.EXE,0,0
02:38.6,Teams.exe,0,0
02:40.6,OUTLOOK.EXE,0,0
05:59.1,explorer.exe,0,0
06:01.1,OUTLOOK.EXE,0,0
06:03.1,POWERPNT.EXE,0,0
06:07.1,OUTLOOK.EXE,0,0
06:11.6,POWERPNT.EXE,0,0
06:14.1,OUTLOOK.EXE,0,0
06:25.1,OUTLOOK.EXE,0,0
06:27.1,OUTLOOK.EXE,0,0
06:30.6,FoxitReader.exe,0,0
06:34.6,OUTLOOK.EXE,0,0
06:49.6,explorer.exe,0,0
06:55.1,OUTLOOK.EXE,0,0
06:58.1,OUTLOOK.EXE,0,0
06:58.6,OUTLOOK.EXE,0,0
06:59.6,explorer.exe,0,0
07:00.6,OUTLOOK.EXE,0,0
07:03.6,OUTLOOK.EXE,0,0
07:05.6,OUTLOOK.EXE,0,0
07:06.1,OUTLOOK.EXE,0,0
07:11.1,OUTLOOK.EXE,0,0
07:43.1,OUTLOOK.EXE,0,0
07:46.6,explorer.exe,0,0
07:55.6,Teams.exe,0,0
08:16.6,explorer.exe,0,0
08:17.1,OUTLOOK.EXE,0,0
52:16.6,LockApp.exe,0,0
52:21.1,OUTLOOK.EXE,0,0
52:27.1,explorer.exe,0,0
52:28.6,OUTLOOK.EXE,0,0
52:41.6,chrome.exe,0,0
52:49.1,chrome.exe,0,0
01:03.1,Teams.exe,0,0
01:03.6,Teams.exe,0,0
01:14.1,chrome.exe,0,0
01:16.6,Teams.exe,0,0
01:17.1,Teams.exe,0,0
01:18.6,Teams.exe,0,0
01:33.6,chrome.exe,0,0
01:35.6,chrome.exe,0,0
01:40.6,explorer.exe,0,0
01:43.1,POWERPNT.EXE,0,0
01:45.1,POWERPNT.EXE,0,0
01:49.1,POWERPNT.EXE,0,0
01:56.6,FoxitReader.exe,0,0
01:58.6,FoxitReader.exe,0,0
02:34.6,POWERPNT.EXE,0,0
02:41.6,POWERPNT.EXE,0,0
02:43.6,POWERPNT.EXE,0,0
02:46.1,POWERPNT.EXE,0,0
02:48.6,POWERPNT.EXE,0,0
02:50.1,POWERPNT.EXE,0,0
07:24.6,POWERPNT.EXE,0,0
07:25.6,POWERPNT.EXE,0,0
08:31.1,POWERPNT.EXE,0,0
08:32.6,POWERPNT.EXE,0,0
10:01.6,POWERPNT.EXE,0,0
10:03.1,POWERPNT.EXE,0,0
16:24.1,POWERPNT.EXE,0,0
16:24.6,POWERPNT.EXE,0,0
18:11.1,POWERPNT.EXE,0,0
18:12.6,POWERPNT.EXE,0,0
18:13.1,POWERPNT.EXE,0,0
18:14.6,POWERPNT.EXE,0,0
19:09.1,POWERPNT.EXE,0,0
19:11.6,POWERPNT.EXE,0,0
19:39.1,POWERPNT.EXE,0,0
19:41.1,POWERPNT.EXE,0,0
22:21.6,POWERPNT.EXE,0,0
22:23.6,POWERPNT.EXE,0,0
30:53.1,POWERPNT.EXE,0,0
30:54.1,POWERPNT.EXE,0,0
36:56.6,POWERPNT.EXE,0,0
36:58.1,POWERPNT.EXE,0,0
37:01.6,POWERPNT.EXE,0,0
37:03.1,POWERPNT.EXE,0,0
37:05.1,POWERPNT.EXE,0,0
37:06.6,POWERPNT.EXE,0,0
37:09.1,POWERPNT.EXE,0,0
44:40.6,POWERPNT.EXE,0,0
44:41.1,POWERPNT.EXE,0,0
47:33.6,OUTLOOK.EXE,0,0
47:34.1,POWERPNT.EXE,0,0
02:50.1,Teams.exe,0,0
02:50.6,POWERPNT.EXE,0,0
03:10.6,POWERPNT.EXE,0,0
03:14.6,POWERPNT.EXE,0,0
03:21.1,POWERPNT.EXE,0,0
03:30.1,POWERPNT.EXE,0,0
03:32.6,POWERPNT.EXE,0,0
03:35.1,POWERPNT.EXE,0,0
03:36.1,FoxitReader.exe,0,0
03:38.1,OUTLOOK.EXE,0,0
03:39.6,OUTLOOK.EXE,0,0
03:42.6,chrome.exe,0,0
03:54.1,OUTLOOK.EXE,0,0
03:55.1,chrome.exe,0,0
04:06.1,Zoom.exe,0,0
04:06.6,chrome.exe,0,0
04:08.6,Zoom.exe,0,0
04:09.6,Zoom.exe,0,0
04:11.1,Zoom.exe,0,0
04:13.1,Zoom.exe,0,0
04:18.1,Zoom.exe,0,0
04:21.1,Zoom.exe,0,0
04:21.6,Zoom.exe,0,0
04:37.6,Zoom.exe,0,0
04:41.1,Zoom.exe,0,0
05:06.1,OUTLOOK.EXE,0,0
05:06.6,Zoom.exe,0,0
05:07.6,OUTLOOK.EXE,0,0
05:10.1,Zoom.exe,0,0
05:15.6,OUTLOOK.EXE,0,0
05:18.6,Zoom.exe,0,0
06:37.6,Zoom.exe,0,0
06:43.6,Zoom.exe,0,0
08:34.6,Zoom.exe,0,0
08:37.6,Zoom.exe,0,0
08:42.6,Zoom.exe,0,0
08:43.1,Zoom.exe,0,0
08:44.1,Zoom.exe,0,0
09:09.6,explorer.exe,0,0
09:11.1,OUTLOOK.EXE,0,0
09:29.6,chrome.exe,0,0
09:32.6,OUTLOOK.EXE,0,0
11:06.6,Zoom.exe,0,0
11:07.1,OUTLOOK.EXE,0,0
11:10.6,Zoom.exe,0,0
11:39.1,Zoom.exe,0,0
11:44.1,Zoom.exe,0,0
12:29.6,Zoom.exe,0,0
12:33.6,Zoom.exe,0,0
13:30.6,Zoom.exe,0,0
13:45.1,chrome.exe,0,0
13:50.1,chrome.exe,0,0
14:56.1,Zoom.exe,0,0
15:03.6,Zoom.exe,0,0
15:04.1,Zoom.exe,0,0
15:05.6,Zoom.exe,0,0
15:06.1,Zoom.exe,0,0
15:06.6,Zoom.exe,0,0
15:07.1,Zoom.exe,0,0
15:07.6,Zoom.exe,0,0
15:54.1,chrome.exe,0,0
16:27.6,Zoom.exe,0,0
16:30.1,Zoom.exe,0,0
16:36.1,Zoom.exe,0,0
17:44.1,Zoom.exe,0,0
17:47.1,Zoom.exe,0,0
17:48.1,Zoom.exe,0,0
17:48.6,chrome.exe,0,0
17:54.6,Zoom.exe,0,0
20:45.1,chrome.exe,0,0
20:45.6,chrome.exe,0,0
20:46.1,chrome.exe,0,0
20:53.1,chrome.exe,0,0
20:54.6,chrome.exe,0,0
21:00.6,Zoom.exe,0,0
21:08.1,chrome.exe,0,0
21:50.6,Zoom.exe,0,0
22:20.1,Zoom.exe,0,0
22:21.1,Zoom.exe,0,0
22:34.6,Zoom.exe,0,0
23:11.1,Zoom.exe,0,0
23:11.6,Zoom.exe,0,0
23:12.1,Zoom.exe,0,0
23:12.6,Zoom.exe,0,0
23:14.6,Zoom.exe,0,0
25:08.1,Zoom.exe,0,0
25:11.6,Zoom.exe,0,0
25:29.1,Zoom.exe,0,0
25:32.1,Zoom.exe,0,0
25:43.6,Zoom.exe,0,0
26:45.1,Zoom.exe,0,0
27:02.1,Zoom.exe,0,0
27:09.1,Zoom.exe,0,0
27:09.6,chrome.exe,0,0
27:13.1,Zoom.exe,0,0
27:21.1,Zoom.exe,0,0
27:22.1,Zoom.exe,0,0
27:28.6,Zoom.exe,0,0
27:31.6,Zoom.exe,0,0
28:01.1,Zoom.exe,0,0
28:25.1,Zoom.exe,0,0
29:17.1,chrome.exe,0,0
29:22.1,chrome.exe,0,0
29:39.1,chrome.exe,0,0
29:39.6,chrome.exe,0,0
29:40.1,chrome.exe,0,0
29:53.6,Zoom.exe,0,0
29:59.1,chrome.exe,0,0
30:19.6,Zoom.exe,0,0
30:26.6,chrome.exe,0,0
30:48.1,Zoom.exe,0,0
30:50.6,chrome.exe,0,0
30:55.6,Zoom.exe,0,0
31:08.1,Zoom.exe,0,0
31:18.1,chrome.exe,0,0
31:21.6,Zoom.exe,0,0
31:34.6,Zoom.exe,0,0
31:52.1,Zoom.exe,0,0
32:10.6,chrome.exe,0,0
32:29.6,Zoom.exe,0,0
32:32.1,OUTLOOK.EXE,0,0
32:32.6,OUTLOOK.EXE,0,0
32:33.1,OUTLOOK.EXE,0,0
32:39.1,OUTLOOK.EXE,0,0
32:39.6,OUTLOOK.EXE,0,0
32:43.1,Zoom.exe,0,0
32:43.6,OUTLOOK.EXE,0,0
32:47.1,Zoom.exe,0,0
32:49.6,chrome.exe,0,0
32:59.6,Zoom.exe,0,0
33:02.1,chrome.exe,0,0
33:29.1,Zoom.exe,0,0
33:31.6,chrome.exe,0,0
33:50.6,OUTLOOK.EXE,0,0
33:51.1,OUTLOOK.EXE,0,0
33:58.6,OUTLOOK.EXE,0,0
34:00.1,OUTLOOK.EXE,0,0
34:07.1,chrome.exe,0,0
35:11.1,Zoom.exe,0,0
36:09.1,chrome.exe,0,0
36:25.1,OUTLOOK.EXE,0,0
36:42.6,Zoom.exe,0,0
40:08.6,chrome.exe,0,0
40:38.1,Zoom.exe,0,0
41:08.6,Zoom.exe,0,0
41:13.6,Zoom.exe,0,0
41:14.1,Zoom.exe,0,0
41:16.1,chrome.exe,0,0
41:17.1,explorer.exe,0,0
41:18.1,OUTLOOK.EXE,0,0
41:19.6,Zoom.exe,0,0
41:22.6,OUTLOOK.EXE,0,0
41:52.6,Zoom.exe,0,0
41:53.6,Zoom.exe,0,0
41:59.6,Zoom.exe,0,0
42:05.6,chrome.exe,0,0
43:18.6,Zoom.exe,0,0
43:25.6,chrome.exe,0,0
43:32.6,Zoom.exe,0,0
43:39.6,Zoom.exe,0,0
43:42.1,Zoom.exe,0,0
43:42.6,chrome.exe,0,0
43:45.6,Zoom.exe,0,0
43:47.1,chrome.exe,0,0
47:02.6,Zoom.exe,0,0
50:27.1,chrome.exe,0,0
50:51.1,Zoom.exe,0,0
51:37.1,Zoom.exe,0,0
51:42.1,Zoom.exe,0,0
51:50.1,Zoom.exe,0,0
51:51.1,Zoom.exe,0,0
51:52.1,chrome.exe,0,0
52:03.6,Zoom.exe,0,0
52:55.1,chrome.exe,0,0
54:23.6,Zoom.exe,0,0
54:25.6,Zoom.exe,0,0
54:27.1,chrome.exe,0,0
54:31.1,Zoom.exe,0,0
54:32.1,chrome.exe,0,0
55:43.1,Zoom.exe,0,0
56:07.6,chrome.exe,0,0
57:15.1,Zoom.exe,0,0
58:30.6,Zoom.exe,0,0
58:32.1,Zoom.exe,0,0
58:35.1,FoxitReader.exe,0,0
58:36.6,Zoom.exe,0,0
58:42.1,chrome.exe,0,0
58:45.1,OUTLOOK.EXE,0,0
58:50.1,chrome.exe,0,0
58:53.1,OUTLOOK.EXE,0,0
58:54.6,OUTLOOK.EXE,0,0
58:55.1,OUTLOOK.EXE,0,0
58:57.6,OUTLOOK.EXE,0,0
58:58.1,OUTLOOK.EXE,0,0
59:01.1,explorer.exe,0,0
59:03.6,OUTLOOK.EXE,0,0
59:04.6,explorer.exe,0,0
59:05.6,OUTLOOK.EXE,0,0
59:06.1,explorer.exe,0,0
59:07.6,OUTLOOK.EXE,0,0
59:09.1,explorer.exe,0,0
59:11.6,OUTLOOK.EXE,0,0
59:14.1,OUTLOOK.EXE,0,0
59:14.6,OUTLOOK.EXE,0,0
59:34.6,chrome.exe,0,0
59:59.6,chrome.exe,0,0
00:58.6,Zoom.exe,0,0
00:59.6,Zoom.exe,0,0
01:00.1,Zoom.exe,0,0
01:01.1,Zoom.exe,0,0
01:02.1,Zoom.exe,0,0
01:06.6,chrome.exe,0,0
03:00.1,Zoom.exe,0,0
03:21.1,chrome.exe,0,0
05:31.6,Zoom.exe,0,0
05:33.6,Zoom.exe,0,0
05:36.1,chrome.exe,0,0
05:39.6,Zoom.exe,0,0
05:43.1,chrome.exe,0,0
06:19.6,Zoom.exe,0,0
07:37.6,OUTLOOK.EXE,0,0
07:40.6,OUTLOOK.EXE,0,0
07:41.1,OUTLOOK.EXE,0,0
07:47.6,Zoom.exe,0,0
07:52.6,chrome.exe,0,0
08:26.6,chrome.exe,0,0
08:42.1,chrome.exe,0,0
13:03.6,Zoom.exe,0,0
13:04.1,chrome.exe,0,0
13:07.6,Zoom.exe,0,0
13:09.6,chrome.exe,0,0
15:19.1,Zoom.exe,0,0
15:20.1,chrome.exe,0,0
16:04.1,Zoom.exe,0,0
16:11.6,chrome.exe,0,0
17:56.1,Zoom.exe,0,0
17:57.1,Zoom.exe,0,0
18:03.1,Zoom.exe,0,0
18:10.6,Zoom.exe,0,0
18:15.1,chrome.exe,0,0
18:18.6,Zoom.exe,0,0
18:25.6,chrome.exe,0,0
20:49.1,Zoom.exe,0,0
20:59.1,chrome.exe,0,0
24:26.6,Teams.exe,0,0
24:28.6,explorer.exe,0,0
24:38.1,chrome.exe,0,0
25:16.6,Zoom.exe,0,0
25:17.6,Zoom.exe,0,0
25:23.6,Zoom.exe,0,0
26:14.1,Zoom.exe,0,0
26:43.6,chrome.exe,0,0
26:47.6,Zoom.exe,0,0
28:08.1,chrome.exe,0,0
28:51.6,workpace.exe,0,0
28:52.1,POWERPNT.EXE,0,0
29:08.1,chrome.exe,0,0
29:21.6,Zoom.exe,0,0
29:22.1,chrome.exe,0,0
29:29.1,Zoom.exe,0,0
32:12.6,chrome.exe,0,0
33:41.1,Zoom.exe,0,0
33:41.6,Zoom.exe,0,0
33:52.1,chrome.exe,0,0
36:46.1,Zoom.exe,0,0
37:08.1,Zoom.exe,0,0
37:37.6,Zoom.exe,0,0
37:38.1,chrome.exe,0,0
37:41.6,Zoom.exe,0,0
41:12.6,Zoom.exe,0,0
45:41.1,Zoom.exe,0,0
45:47.1,Zoom.exe,0,0
46:52.1,chrome.exe,0,0
47:29.1,Zoom.exe,0,0
55:50.1,Zoom.exe,0,0
56:04.1,Zoom.exe,0,0
56:11.1,chrome.exe,0,0
56:59.1,Zoom.exe,0,0
57:06.1,explorer.exe,0,0
57:07.1,chrome.exe,0,0
57:46.1,Zoom.exe,0,0
57:54.1,chrome.exe,0,0
58:49.1,Zoom.exe,0,0
58:54.1,chrome.exe,0,0
59:07.1,Zoom.exe,0,0
59:21.6,Zoom.exe,0,0
59:24.1,Zoom.exe,0,0
59:32.6,chrome.exe,0,0
01:07.6,Zoom.exe,0,0
01:21.1,Zoom.exe,0,0
01:28.1,Zoom.exe,0,0
04:10.6,Zoom.exe,0,0
04:15.1,Zoom.exe,0,0
04:37.1,chrome.exe,0,0
05:38.6,Zoom.exe,0,0
06:03.6,chrome.exe,0,0
07:48.6,chrome.exe,0,0
08:29.6,Zoom.exe,0,0
09:32.1,chrome.exe,0,0
09:43.1,Zoom.exe,0,0
10:05.6,Zoom.exe,0,0
10:14.1,chrome.exe,0,0
10:42.1,Zoom.exe,0,0
10:49.1,Zoom.exe,0,0
10:50.6,Zoom.exe,0,0
10:53.1,chrome.exe,0,0
10:54.6,OUTLOOK.EXE,0,0
20:38.1,chrome.exe,0,0
20:40.6,chrome.exe,0,0
20:44.6,explorer.exe,0,0
20:47.1,SearchUI.exe,0,0
20:48.1,StartMenuExperienceHost.exe,0,0
36:55.7,LockApp.exe,0,0
37:06.2,SearchUI.exe,0,0
37:08.7,vpnui.exe,0,0
37:13.2,vpnui.exe,0,0
37:21.7,cmd.exe,0,0
37:56.6,cmd.exe,0,0
37:59.6,vpnui.exe,0,0
38:06.6,vpnui.exe,0,0
38:07.6,vpndownloader.exe,0,0
38:08.6,vpnui.exe,0,0
38:19.6,explorer.exe,0,0
38:20.6,OUTLOOK.EXE,0,0
38:30.1,OUTLOOK.EXE,0,0
38:33.1,OUTLOOK.EXE,0,0
38:34.1,OUTLOOK.EXE,0,0
38:37.6,Teams.exe,0,0
38:38.1,Teams.exe,0,0
38:39.6,Teams.exe,0,0
38:54.1,Teams.exe,0,0
41:14.1,Teams.exe,0,0
41:31.1,Teams.exe,0,0
41:33.1,explorer.exe,0,0
41:34.6,OUTLOOK.EXE,0,0
41:37.1,OUTLOOK.EXE,0,0
42:10.1,explorer.exe,0,0
42:14.1,explorer.exe,0,0
42:15.1,OUTLOOK.EXE,0,0
42:17.1,OUTLOOK.EXE,0,0
42:53.6,explorer.exe,0,0
42:54.6,OUTLOOK.EXE,0,0
42:57.1,OUTLOOK.EXE,0,0
43:31.0,OUTLOOK.EXE,0,0
43:42.0,OUTLOOK.EXE,0,0
44:32.4,OUTLOOK.EXE,0,0
44:33.3,OUTLOOK.EXE,0,0
44:38.8,OUTLOOK.EXE,0,0
44:54.3,Teams.exe,0,0
46:47.9,chrome.exe,0,0
46:54.9,Teams.exe,0,0
51:40.7,OUTLOOK.EXE,0,0
51:56.7,explorer.exe,0,0
51:59.7,explorer.exe,0,0
52:00.7,OUTLOOK.EXE,0,0
53:25.7,Teams.exe,0,0
54:06.2,OUTLOOK.EXE,0,0
54:10.2,OUTLOOK.EXE,0,0
56:26.2,Teams.exe,0,0
56:29.2,explorer.exe,0,0
56:33.2,OUTLOOK.EXE,0,0
56:35.2,OUTLOOK.EXE,0,0
56:59.2,OUTLOOK.EXE,0,0
56:59.7,OUTLOOK.EXE,0,0
57:00.2,OUTLOOK.EXE,0,0
57:00.7,OUTLOOK.EXE,0,0
57:01.2,OUTLOOK.EXE,0,0
57:09.7,OUTLOOK.EXE,0,0
57:10.2,OUTLOOK.EXE,0,0
57:27.7,Teams.exe,0,0
58:39.7,OUTLOOK.EXE,0,0
03:52.7,explorer.exe,0,0
03:53.7,OUTLOOK.EXE,0,0
03:55.7,OUTLOOK.EXE,0,0
03:57.2,OUTLOOK.EXE,0,0
03:58.2,OUTLOOK.EXE,0,0
04:01.7,Teams.exe,0,0
04:11.2,OUTLOOK.EXE,0,0
04:14.7,Teams.exe,0,0
04:16.2,OUTLOOK.EXE,0,0
04:31.2,Teams.exe,0,0
04:34.2,Teams.exe,0,0
04:44.2,Teams.exe,0,0
04:47.2,OUTLOOK.EXE,0,0
04:51.2,OUTLOOK.EXE,0,0
04:52.2,OUTLOOK.EXE,0,0
04:53.2,Teams.exe,0,0
04:56.2,OUTLOOK.EXE,0,0
05:01.2,Teams.exe,0,0
05:03.7,OUTLOOK.EXE,0,0
07:17.7,Teams.exe,0,0
10:41.2,Teams.exe,0,0
20:58.7,Teams.exe,0,0
21:05.7,Teams.exe,0,0
21:06.7,OUTLOOK.EXE,0,0
21:09.2,Teams.exe,0,0
21:16.7,OUTLOOK.EXE,0,0
21:20.2,OUTLOOK.EXE,0,0
23:02.2,OUTLOOK.EXE,0,0
23:07.2,OUTLOOK.EXE,0,0
23:34.2,OUTLOOK.EXE,0,0
23:34.7,OUTLOOK.EXE,0,0
23:40.7,OUTLOOK.EXE,0,0
23:50.2,OUTLOOK.EXE,0,0
24:28.2,OUTLOOK.EXE,0,0
24:39.2,Teams.exe,0,0
26:18.7,OUTLOOK.EXE,0,0
26:20.7,OUTLOOK.EXE,0,0
26:24.7,OUTLOOK.EXE,0,0
26:30.2,OUTLOOK.EXE,0,0
26:31.7,OUTLOOK.EXE,0,0
26:32.7,OUTLOOK.EXE,0,0
26:42.2,OUTLOOK.EXE,0,0
26:44.2,OUTLOOK.EXE,0,0
27:06.2,Teams.exe,0,0
27:08.7,OUTLOOK.EXE,0,0
27:13.2,OUTLOOK.EXE,0,0
27:22.7,Teams.exe,0,0
27:29.7,OUTLOOK.EXE,0,0
28:30.2,Teams.exe,0,0
39:18.7,OUTLOOK.EXE,0,0
39:33.7,OUTLOOK.EXE,0,0
39:36.7,OUTLOOK.EXE,0,0
39:42.2,OUTLOOK.EXE,0,0
39:44.7,OUTLOOK.EXE,0,0
39:51.7,OUTLOOK.EXE,0,0
39:54.7,OUTLOOK.EXE,0,0
40:06.7,POWERPNT.EXE,0,0
40:07.2,POWERPNT.EXE,0,0
40:51.2,OUTLOOK.EXE,0,0
42:43.2,OUTLOOK.EXE,0,0
42:45.2,OUTLOOK.EXE,0,0
42:58.2,OUTLOOK.EXE,0,0
43:01.2,OUTLOOK.EXE,0,0
43:11.7,OUTLOOK.EXE,0,0
43:13.2,OUTLOOK.EXE,0,0
43:21.7,OUTLOOK.EXE,0,0
43:24.7,OUTLOOK.EXE,0,0
43:41.7,explorer.exe,0,0
43:44.2,OUTLOOK.EXE,0,0
43:44.7,explorer.exe,0,0
43:49.2,OUTLOOK.EXE,0,0
43:54.2,Teams.exe,0,0
43:54.7,Teams.exe,0,0
43:56.2,OUTLOOK.EXE,0,0
44:52.7,Teams.exe,0,0
45:08.7,OUTLOOK.EXE,0,0
45:11.7,Teams.exe,0,0
45:13.2,OUTLOOK.EXE,0,0
45:49.2,Teams.exe,0,0
46:12.2,Teams.exe,0,0
46:12.7,Teams.exe,0,0
46:13.2,Teams.exe,0,0
48:01.7,OUTLOOK.EXE,0,0
48:19.2,OUTLOOK.EXE,0,0
48:20.2,OUTLOOK.EXE,0,0
48:22.2,OUTLOOK.EXE,0,0
48:33.2,OUTLOOK.EXE,0,0
48:34.2,Teams.exe,0,0
49:34.2,OUTLOOK.EXE,0,0
49:40.7,OUTLOOK.EXE,0,0
49:51.7,OUTLOOK.EXE,0,0
50:07.7,OUTLOOK.EXE,0,0
50:21.7,OUTLOOK.EXE,0,0
50:30.7,Teams.exe,0,0
54:24.2,explorer.exe,0,0
54:26.2,OUTLOOK.EXE,0,0
54:36.7,ShellExperienceHost.exe,0,0
54:37.7,OUTLOOK.EXE,0,0
54:40.2,OUTLOOK.EXE,0,0
54:40.7,OUTLOOK.EXE,0,0
54:48.2,OUTLOOK.EXE,0,0
54:50.2,Teams.exe,0,0
54:52.2,OUTLOOK.EXE,0,0
55:14.7,explorer.exe,0,0
55:32.7,POWERPNT.EXE,0,0
55:43.2,explorer.exe,0,0
55:52.2,Teams.exe,0,0
56:01.2,Teams.exe,0,0
56:01.7,Teams.exe,0,0
56:15.7,POWERPNT.EXE,0,0
56:18.2,Teams.exe,0,0
56:20.7,OUTLOOK.EXE,0,0
56:23.7,explorer.exe,0,0
56:27.2,Teams.exe,0,0
01:10.7,explorer.exe,0,0
01:11.7,OUTLOOK.EXE,0,0
01:47.7,Teams.exe,0,0
01:48.2,OUTLOOK.EXE,0,0
02:25.2,explorer.exe,0,0
02:30.2,POWERPNT.EXE,0,0
02:30.7,POWERPNT.EXE,0,0
02:35.7,chrome.exe,0,0
04:16.7,ShellExperienceHost.exe,0,0
04:17.2,OUTLOOK.EXE,0,0
04:30.7,OUTLOOK.EXE,0,0
04:44.2,OUTLOOK.EXE,0,0
04:46.2,OUTLOOK.EXE,0,0
04:49.7,OUTLOOK.EXE,0,0
04:51.7,OUTLOOK.EXE,0,0
04:54.7,chrome.exe,0,0
04:55.2,chrome.exe,0,0
04:56.2,chrome.exe,0,0
04:58.2,chrome.exe,0,0
18:25.7,chrome.exe,0,0
18:27.7,chrome.exe,0,0
22:07.2,POWERPNT.EXE,0,0
22:13.7,chrome.exe,0,0
39:24.2,LockApp.exe,0,0
39:29.7,chrome.exe,0,0
39:39.2,explorer.exe,0,0
39:40.2,OUTLOOK.EXE,0,0
39:55.2,POWERPNT.EXE,0,0
39:56.2,POWERPNT.EXE,0,0
39:57.7,POWERPNT.EXE,0,0
39:59.7,OUTLOOK.EXE,0,0
40:07.7,OUTLOOK.EXE,0,0
40:15.7,OUTLOOK.EXE,0,0
40:18.7,explorer.exe,0,0
40:25.2,OUTLOOK.EXE,0,0
40:31.7,explorer.exe,0,0
40:32.7,OUTLOOK.EXE,0,0
40:50.7,OUTLOOK.EXE,0,0
42:10.2,OUTLOOK.EXE,0,0
42:13.7,OUTLOOK.EXE,0,0
43:53.7,OUTLOOK.EXE,0,0
44:00.7,OUTLOOK.EXE,0,0
44:02.2,OUTLOOK.EXE,0,0
44:02.7,OUTLOOK.EXE,0,0
44:07.7,chrome.exe,0,0
44:50.2,explorer.exe,0,0
44:55.7,OUTLOOK.EXE,0,0
45:00.2,OUTLOOK.EXE,0,0
45:40.2,OUTLOOK.EXE,0,0
45:40.7,OUTLOOK.EXE,0,0
45:41.7,OUTLOOK.EXE,0,0
45:45.2,POWERPNT.EXE,0,0
45:47.7,explorer.exe,0,0
45:48.7,POWERPNT.EXE,0,0
45:55.2,OUTLOOK.EXE,0,0
46:12.6,OUTLOOK.EXE,0,0
46:13.7,OUTLOOK.EXE,0,0
46:32.2,OUTLOOK.EXE,0,0
46:33.2,OUTLOOK.EXE,0,0
46:34.2,POWERPNT.EXE,0,0
46:35.7,explorer.exe,0,0
46:37.2,OUTLOOK.EXE,0,0
51:02.6,chrome.exe,0,0
54:38.6,OUTLOOK.EXE,0,0
54:40.1,chrome.exe,0,0
00:11.2,Teams.exe,0,0
00:28.2,OUTLOOK.EXE,0,0
00:28.7,OUTLOOK.EXE,0,0
00:30.2,OUTLOOK.EXE,0,0
00:31.7,OUTLOOK.EXE,0,0
00:44.2,Teams.exe,0,0
07:23.7,Teams.exe,0,0
07:26.7,Teams.exe,0,0
07:41.2,Teams.exe,0,0
07:43.7,chrome.exe,0,0
07:46.7,chrome.exe,0,0
07:50.2,Teams.exe,0,0
08:00.7,chrome.exe,0,0
08:08.2,chrome.exe,0,0
08:08.7,chrome.exe,0,0
08:09.2,chrome.exe,0,0
15:06.7,Teams.exe,0,0
19:45.2,Teams.exe,0,0
20:09.2,Teams.exe,0,0
20:28.2,Teams.exe,0,0
21:14.7,Teams.exe,0,0
22:50.7,explorer.exe,0,0
22:51.7,OUTLOOK.EXE,0,0
22:53.2,OUTLOOK.EXE,0,0
23:08.2,OUTLOOK.EXE,0,0
23:12.2,explorer.exe,0,0
23:14.7,OUTLOOK.EXE,0,0
23:17.7,chrome.exe,0,0
23:50.2,OUTLOOK.EXE,0,0
24:07.7,OUTLOOK.EXE,0,0
24:12.7,OUTLOOK.EXE,0,0
24:13.7,OUTLOOK.EXE,0,0
24:15.2,OUTLOOK.EXE,0,0
24:21.2,OUTLOOK.EXE,0,0
24:38.7,OUTLOOK.EXE,0,0
24:40.2,OUTLOOK.EXE,0,0
24:41.2,OUTLOOK.EXE,0,0
24:58.2,OUTLOOK.EXE,0,0
24:59.2,Teams.exe,0,0
25:02.2,Teams.exe,0,0
25:06.7,Teams.exe,0,0
35:06.2,OUTLOOK.EXE,0,0
35:09.7,OUTLOOK.EXE,0,0
35:13.7,OUTLOOK.EXE,0,0
35:15.7,OUTLOOK.EXE,0,0
36:05.2,OUTLOOK.EXE,0,0
37:35.7,OUTLOOK.EXE,0,0
37:39.2,OUTLOOK.EXE,0,0
37:40.7,OUTLOOK.EXE,0,0
37:42.2,OUTLOOK.EXE,0,0
37:43.7,OUTLOOK.EXE,0,0
37:44.7,OUTLOOK.EXE,0,0
37:45.2,OUTLOOK.EXE,0,0
42:10.7,Teams.exe,0,0
48:20.7,Teams.exe,0,0
48:21.7,Teams.exe,0,0
48:22.2,Teams.exe,0,0
48:28.2,Teams.exe,0,0
58:52.2,Teams.exe,0,0
58:54.2,OUTLOOK.EXE,0,0
58:57.7,Teams.exe,0,0
59:15.2,Teams.exe,0,0
02:51.7,Teams.exe,0,0
03:04.2,Teams.exe,0,0
03:37.2,OUTLOOK.EXE,0,0
03:39.2,explorer.exe,0,0
03:40.2,OUTLOOK.EXE,0,0
03:43.2,OUTLOOK.EXE,0,0
03:43.7,OUTLOOK.EXE,0,0
03:44.2,OUTLOOK.EXE,0,0
03:45.7,OUTLOOK.EXE,0,0
03:47.2,OUTLOOK.EXE,0,0
03:49.2,OUTLOOK.EXE,0,0
03:50.2,OUTLOOK.EXE,0,0
03:56.2,OUTLOOK.EXE,0,0
04:03.7,Teams.exe,0,0
04:04.2,Teams.exe,0,0
04:07.7,Teams.exe,0,0
04:18.2,Teams.exe,0,0
12:18.2,OUTLOOK.EXE,0,0
12:18.7,OUTLOOK.EXE,0,0
12:20.2,OUTLOOK.EXE,0,0
12:27.7,Teams.exe,0,0
12:28.2,Teams.exe,0,0
12:36.7,Teams.exe,0,0
12:37.7,Teams.exe,0,0
13:05.2,Teams.exe,0,0
13:11.2,Teams.exe,0,0
13:11.7,Teams.exe,0,0
13:26.7,Teams.exe,0,0
14:08.2,Teams.exe,0,0
15:12.7,OUTLOOK.EXE,0,0
15:13.2,Teams.exe,0,0
18:31.2,Teams.exe,0,0
18:40.2,Teams.exe,0,0
22:45.7,Teams.exe,0,0
23:11.2,Teams.exe,0,0
23:24.7,Teams.exe,0,0
23:43.2,Teams.exe,0,0
24:08.7,Teams.exe,0,0
24:28.7,Teams.exe,0,0
36:03.2,POWERPNT.EXE,0,0
36:08.2,OUTLOOK.EXE,0,0
36:23.2,POWERPNT.EXE,0,0
36:29.7,explorer.exe,0,0
36:30.7,OUTLOOK.EXE,0,0
36:32.2,OUTLOOK.EXE,0,0
36:48.7,OUTLOOK.EXE,0,0
36:51.2,OUTLOOK.EXE,0,0
36:58.2,OUTLOOK.EXE,0,0
37:02.2,OUTLOOK.EXE,0,0
37:10.7,OUTLOOK.EXE,0,0
37:12.2,OUTLOOK.EXE,0,0
37:24.7,chrome.exe,0,0
37:32.2,Teams.exe,0,0
37:37.2,Teams.exe,0,0
37:38.2,Teams.exe,0,0
37:45.7,Teams.exe,0,0
37:46.2,Teams.exe,0,0
37:46.7,Teams.exe,0,0
38:39.2,OUTLOOK.EXE,0,0
38:39.7,OUTLOOK.EXE,0,0
38:40.2,OUTLOOK.EXE,0,0
38:41.7,OUTLOOK.EXE,0,0
38:50.7,Teams.exe,0,0
38:53.2,explorer.exe,0,0
39:00.7,OUTLOOK.EXE,0,0
39:04.2,OUTLOOK.EXE,0,0
39:06.2,OUTLOOK.EXE,0,0
39:06.7,OUTLOOK.EXE,0,0
39:07.7,OUTLOOK.EXE,0,0
39:11.2,OUTLOOK.EXE,0,0
39:11.7,OUTLOOK.EXE,0,0
39:16.2,OUTLOOK.EXE,0,0
39:22.2,OUTLOOK.EXE,0,0
39:25.7,OUTLOOK.EXE,0,0
39:27.7,OUTLOOK.EXE,0,0
39:29.2,OUTLOOK.EXE,0,0
39:31.2,OUTLOOK.EXE,0,0
39:33.7,OUTLOOK.EXE,0,0
39:35.7,OUTLOOK.EXE,0,0
40:08.2,OUTLOOK.EXE,0,0
40:09.2,OUTLOOK.EXE,0,0
40:11.7,OUTLOOK.EXE,0,0
40:12.2,OUTLOOK.EXE,0,0
40:13.7,OUTLOOK.EXE,0,0
40:15.7,OUTLOOK.EXE,0,0
40:17.2,OUTLOOK.EXE,0,0
40:19.2,OUTLOOK.EXE,0,0
40:19.7,OUTLOOK.EXE,0,0
40:21.2,OUTLOOK.EXE,0,0
40:23.7,OUTLOOK.EXE,0,0
40:25.7,OUTLOOK.EXE,0,0
40:29.2,OUTLOOK.EXE,0,0
40:30.7,OUTLOOK.EXE,0,0
40:32.2,OUTLOOK.EXE,0,0
40:33.7,OUTLOOK.EXE,0,0
41:39.7,OUTLOOK.EXE,0,0
41:41.7,OUTLOOK.EXE,0,0
41:49.2,OUTLOOK.EXE,0,0
41:51.7,OUTLOOK.EXE,0,0
41:56.2,OUTLOOK.EXE,0,0
41:57.7,OUTLOOK.EXE,0,0
42:02.2,OUTLOOK.EXE,0,0
42:04.2,OUTLOOK.EXE,0,0
42:12.7,Teams.exe,0,0
42:24.2,OUTLOOK.EXE,0,0
42:31.7,Teams.exe,0,0
42:33.2,OUTLOOK.EXE,0,0
42:41.7,OUTLOOK.EXE,0,0
42:44.2,OUTLOOK.EXE,0,0
42:52.7,OUTLOOK.EXE,0,0
42:53.7,OUTLOOK.EXE,0,0
42:57.2,OUTLOOK.EXE,0,0
43:00.7,OUTLOOK.EXE,0,0
43:07.2,Teams.exe,0,0
43:29.2,Teams.exe,0,0
47:24.2,Teams.exe,0,0
47:28.2,OUTLOOK.EXE,0,0
47:29.7,Teams.exe,0,0
47:31.7,Teams.exe,0,0
47:36.2,Teams.exe,0,0
50:35.2,Teams.exe,0,0
50:40.7,Teams.exe,0,0
50:53.7,Teams.exe,0,0
50:57.7,chrome.exe,0,0
51:04.2,OUTLOOK.EXE,0,0
53:34.2,explorer.exe,0,0
53:38.2,POWERPNT.EXE,0,0
56:35.2,Teams.exe,0,0
56:35.7,Teams.exe,0,0
58:05.7,POWERPNT.EXE,0,0
20:03.6,LockApp.exe,0,0
20:11.1,POWERPNT.EXE,0,0
20:24.6,explorer.exe,0,0
20:25.6,OUTLOOK.EXE,0,0
20:28.1,OUTLOOK.EXE,0,0
20:29.1,OUTLOOK.EXE,0,0
20:30.6,OUTLOOK.EXE,0,0
20:36.6,Teams.exe,0,0
55:47.6,Teams.exe,0,0
55:50.1,OUTLOOK.EXE,0,0
55:52.1,OUTLOOK.EXE,0,0
55:52.6,OUTLOOK.EXE,0,0
55:56.6,OUTLOOK.EXE,0,0
56:29.6,chrome.exe,0,0
56:56.1,chrome.exe,0,0
00:16.1,explorer.exe,0,0
00:17.1,OUTLOOK.EXE,0,0
00:21.1,OUTLOOK.EXE,0,0
00:22.1,OUTLOOK.EXE,0,0
00:26.1,OUTLOOK.EXE,0,0
00:29.6,Teams.exe,0,0
00:34.1,OUTLOOK.EXE,0,0
00:35.6,Teams.exe,0,0
00:38.1,chrome.exe,0,0
01:54.6,Teams.exe,0,0
02:14.1,OUTLOOK.EXE,0,0
02:15.6,OUTLOOK.EXE,0,0
02:28.6,OUTLOOK.EXE,0,0
02:30.1,Teams.exe,0,0
02:34.1,Teams.exe,0,0
02:43.6,OUTLOOK.EXE,0,0
02:53.1,OUTLOOK.EXE,0,0
02:58.6,Teams.exe,0,0
03:58.6,OUTLOOK.EXE,0,0
04:01.6,Teams.exe,0,0
04:10.1,OUTLOOK.EXE,0,0
04:13.6,Teams.exe,0,0
04:26.6,Teams.exe,0,0
06:31.1,explorer.exe,0,0
06:41.1,POWERPNT.EXE,0,0
06:50.6,Teams.exe,0,0
07:10.1,Teams.exe,0,0
07:11.6,Teams.exe,0,0
07:12.1,POWERPNT.EXE,0,0
07:13.6,Teams.exe,0,0
07:15.1,Teams.exe,0,0
07:20.6,POWERPNT.EXE,0,0
07:22.6,Teams.exe,0,0
07:25.1,Teams.exe,0,0
07:27.1,POWERPNT.EXE,0,0
07:29.6,POWERPNT.EXE,0,0
08:55.1,Teams.exe,0,0
09:01.1,POWERPNT.EXE,0,0
27:15.1,chrome.exe,0,0
27:26.6,chrome.exe,0,0
27:27.1,chrome.exe,0,0
27:28.6,chrome.exe,0,0
32:05.6,POWERPNT.EXE,0,0
33:38.6,chrome.exe,0,0
34:24.6,POWERPNT.EXE,0,0
34:47.6,explorer.exe,0,0
34:49.6,POWERPNT.EXE,0,0
34:52.1,POWERPNT.EXE,0,0
34:53.6,chrome.exe,0,0
34:54.1,chrome.exe,0,0
35:57.6,POWERPNT.EXE,0,0
40:21.6,POWERPNT.EXE,0,0
40:49.6,POWERPNT.EXE,0,0
51:04.6,Teams.exe,0,0
51:06.6,OUTLOOK.EXE,0,0
51:08.1,Teams.exe,0,0
51:18.6,OUTLOOK.EXE,0,0
51:29.6,Teams.exe,0,0
51:30.1,Teams.exe,0,0
51:31.6,Teams.exe,0,0
52:54.6,Teams.exe,0,0
52:59.1,Teams.exe,0,0
53:28.1,explorer.exe,0,0
53:29.1,OUTLOOK.EXE,0,0
53:30.6,OUTLOOK.EXE,0,0
53:51.6,Teams.exe,0,0
59:10.6,POWERPNT.EXE,0,0
59:11.1,POWERPNT.EXE,0,0
59:16.6,Teams.exe,0,0
59:17.1,POWERPNT.EXE,0,0
00:01.1,POWERPNT.EXE,0,0
00:02.6,POWERPNT.EXE,0,0
00:06.1,POWERPNT.EXE,0,0
00:41.6,POWERPNT.EXE,0,0
01:06.1,Teams.exe,0,0
01:06.6,POWERPNT.EXE,0,0
01:28.6,POWERPNT.EXE,0,0
01:30.1,POWERPNT.EXE,0,0
01:31.6,OUTLOOK.EXE,0,0
01:33.6,OUTLOOK.EXE,0,0
01:34.1,OUTLOOK.EXE,0,0
01:35.6,OUTLOOK.EXE,0,0
02:22.1,OUTLOOK.EXE,0,0
02:23.1,OUTLOOK.EXE,0,0
02:59.1,explorer.exe,0,0
02:59.6,OUTLOOK.EXE,0,0
03:04.1,OUTLOOK.EXE,0,0
03:05.6,OUTLOOK.EXE,0,0
03:07.1,OUTLOOK.EXE,0,0
03:10.6,Teams.exe,0,0
03:11.1,Teams.exe,0,0
03:18.1,Teams.exe,0,0
03:20.6,Teams.exe,0,0
03:25.1,OUTLOOK.EXE,0,0
03:31.1,OUTLOOK.EXE,0,0
03:32.6,OUTLOOK.EXE,0,0
03:35.6,Teams.exe,0,0
03:36.1,OUTLOOK.EXE,0,0
03:36.6,OUTLOOK.EXE,0,0
09:31.1,Teams.exe,0,0
09:31.6,Teams.exe,0,0
12:28.6,Teams.exe,0,0
17:44.1,Teams.exe,0,0
17:46.6,Teams.exe,0,0
21:16.6,explorer.exe,0,0
21:18.1,POWERPNT.EXE,0,0
21:20.1,POWERPNT.EXE,0,0
21:23.6,explorer.exe,0,0
21:30.1,POWERPNT.EXE,0,0
21:32.6,explorer.exe,0,0
21:35.1,POWERPNT.EXE,0,0
21:38.1,POWERPNT.EXE,0,0
22:24.1,Teams.exe,0,0
22:27.1,Teams.exe,0,0
22:28.6,Teams.exe,0,0
22:31.1,POWERPNT.EXE,0,0
22:34.6,POWERPNT.EXE,0,0
22:37.1,Teams.exe,0,0
22:37.6,Teams.exe,0,0
22:43.1,POWERPNT.EXE,0,0
22:43.6,Teams.exe,0,0
22:45.1,Teams.exe,0,0
22:52.6,Teams.exe,0,0
22:53.1,Teams.exe,0,0
23:00.1,Teams.exe,0,0
23:02.6,Teams.exe,0,0
23:05.1,Teams.exe,0,0
23:06.6,Teams.exe,0,0
23:09.1,Teams.exe,0,0
23:12.1,Teams.exe,0,0
23:17.1,POWERPNT.EXE,0,0
23:21.6,POWERPNT.EXE,0,0
23:22.1,POWERPNT.EXE,0,0
23:31.1,POWERPNT.EXE,0,0
23:35.1,Teams.exe,0,0
23:35.6,Teams.exe,0,0
23:37.1,Teams.exe,0,0
23:39.1,Teams.exe,0,0
23:47.6,POWERPNT.EXE,0,0
24:11.6,POWERPNT.EXE,0,0
24:40.6,Teams.exe,0,0
24:43.1,explorer.exe,0,0
24:44.1,OUTLOOK.EXE,0,0
25:26.6,POWERPNT.EXE,0,0
25:38.1,Teams.exe,0,0
25:38.6,Teams.exe,0,0
25:41.1,Teams.exe,0,0
44:21.1,Teams.exe,0,0
44:23.1,Teams.exe,0,0
45:24.6,POWERPNT.EXE,0,0
52:34.6,Teams.exe,0,0
52:47.6,Teams.exe,0,0
52:52.1,Teams.exe,0,0
53:00.1,Teams.exe,0,0
53:00.6,Teams.exe,0,0
53:22.6,Teams.exe,0,0
54:07.1,POWERPNT.EXE,0,0
55:36.6,OUTLOOK.EXE,0,0
00:42.6,OUTLOOK.EXE,0,0
00:44.1,OUTLOOK.EXE,0,0
00:48.6,Teams.exe,0,0
00:49.1,Teams.exe,0,0
00:53.6,OUTLOOK.EXE,0,0
01:10.6,Teams.exe,0,0
01:20.6,Teams.exe,0,0
01:23.6,Teams.exe,0,0
01:26.1,OUTLOOK.EXE,0,0
01:27.6,Teams.exe,0,0
01:32.1,Teams.exe,0,0
01:32.6,Teams.exe,0,0
01:33.1,Teams.exe,0,0
01:33.6,Teams.exe,0,0
01:34.1,Teams.exe,0,0
01:34.6,Teams.exe,0,0
01:35.1,Teams.exe,0,0
01:41.6,OUTLOOK.EXE,0,0
01:57.6,OUTLOOK.EXE,0,0
02:04.6,OUTLOOK.EXE,0,0
02:31.6,OUTLOOK.EXE,0,0
02:33.1,OUTLOOK.EXE,0,0
02:34.1,OUTLOOK.EXE,0,0
02:48.6,OUTLOOK.EXE,0,0
02:49.6,OUTLOOK.EXE,0,0
02:50.1,OUTLOOK.EXE,0,0
02:50.6,OUTLOOK.EXE,0,0
05:14.6,OUTLOOK.EXE,0,0
05:18.6,Teams.exe,0,0
05:20.6,OUTLOOK.EXE,0,0
05:21.6,POWERPNT.EXE,0,0
05:25.6,OUTLOOK.EXE,0,0
05:35.6,OUTLOOK.EXE,0,0
05:37.6,OUTLOOK.EXE,0,0
05:54.1,OUTLOOK.EXE,0,0
06:04.6,explorer.exe,0,0
06:05.1,explorer.exe,0,0
06:19.1,explorer.exe,0,0
06:22.1,explorer.exe,0,0
06:27.6,explorer.exe,0,0
06:41.1,POWERPNT.EXE,0,0
06:44.1,POWERPNT.EXE,0,0
06:54.1,explorer.exe,0,0
06:55.1,POWERPNT.EXE,0,0
06:58.6,POWERPNT.EXE,0,0
07:13.1,OUTLOOK.EXE,0,0
07:16.6,POWERPNT.EXE,0,0
09:16.1,OUTLOOK.EXE,0,0
09:18.1,POWERPNT.EXE,0,0
09:21.1,POWERPNT.EXE,0,0
09:36.6,POWERPNT.EXE,0,0
10:03.1,OUTLOOK.EXE,0,0
10:12.1,POWERPNT.EXE,0,0
10:22.1,OUTLOOK.EXE,0,0
10:48.6,POWERPNT.EXE,0,0
11:26.1,OUTLOOK.EXE,0,0
11:29.6,POWERPNT.EXE,0,0
11:45.6,OUTLOOK.EXE,0,0
11:50.1,Teams.exe,0,0
11:50.6,Teams.exe,0,0
11:52.6,Teams.exe,0,0
14:07.6,POWERPNT.EXE,0,0
15:13.1,Teams.exe,0,0
15:28.1,explorer.exe,0,0
15:30.6,OUTLOOK.EXE,0,0
17:17.6,Teams.exe,0,0
17:21.6,Teams.exe,0,0
17:28.1,OUTLOOK.EXE,0,0
17:43.6,OUTLOOK.EXE,0,0
17:56.1,OUTLOOK.EXE,0,0
17:56.6,Teams.exe,0,0
19:06.6,OUTLOOK.EXE,0,0
19:24.1,Teams.exe,0,0
20:26.1,Teams.exe,0,0
20:39.6,Teams.exe,0,0
20:45.1,OUTLOOK.EXE,0,0
20:52.6,POWERPNT.EXE,0,0
21:22.6,OUTLOOK.EXE,0,0
21:24.1,explorer.exe,0,0
21:31.6,explorer.exe,0,0
21:32.1,explorer.exe,0,0
21:34.6,explorer.exe,0,0
21:35.6,explorer.exe,0,0
21:36.1,explorer.exe,0,0
21:38.6,OUTLOOK.EXE,0,0
21:43.1,OUTLOOK.EXE,0,0
21:43.6,OUTLOOK.EXE,0,0
21:51.1,OUTLOOK.EXE,0,0
22:09.6,Teams.exe,0,0
22:17.1,OUTLOOK.EXE,0,0
22:17.6,OUTLOOK.EXE,0,0
22:19.6,OUTLOOK.EXE,0,0
22:28.6,OUTLOOK.EXE,0,0
22:30.6,OUTLOOK.EXE,0,0
22:31.6,OUTLOOK.EXE,0,0
22:32.6,OUTLOOK.EXE,0,0
22:42.6,Teams.exe,0,0
22:44.6,OUTLOOK.EXE,0,0
22:56.1,Teams.exe,0,0
22:57.1,OUTLOOK.EXE,0,0
22:57.6,OUTLOOK.EXE,0,0
23:00.1,OUTLOOK.EXE,0,0
23:15.1,OUTLOOK.EXE,0,0
23:15.6,OUTLOOK.EXE,0,0
23:17.1,Teams.exe,0,0
23:19.6,Teams.exe,0,0
23:20.1,Teams.exe,0,0
23:20.6,Teams.exe,0,0
23:21.1,Teams.exe,0,0
23:21.6,Teams.exe,0,0
25:17.1,OUTLOOK.EXE,0,0
25:21.6,Teams.exe,0,0
25:30.1,OUTLOOK.EXE,0,0
25:38.6,Teams.exe,0,0
25:40.1,OUTLOOK.EXE,0,0
25:44.1,explorer.exe,0,0
25:45.1,POWERPNT.EXE,0,0
25:49.1,explorer.exe,0,0
25:50.6,explorer.exe,0,0
25:53.6,POWERPNT.EXE,0,0
26:16.6,explorer.exe,0,0
26:22.6,explorer.exe,0,0
26:23.1,OUTLOOK.EXE,0,0
26:24.6,OUTLOOK.EXE,0,0
26:38.6,ShellExperienceHost.exe,0,0
26:39.1,OUTLOOK.EXE,0,0
26:42.6,OUTLOOK.EXE,0,0
26:44.1,explorer.exe,0,0
26:46.1,explorer.exe,0,0
26:51.1,explorer.exe,0,0
26:53.6,explorer.exe,0,0
26:55.1,OUTLOOK.EXE,0,0
28:20.6,OUTLOOK.EXE,0,0
28:23.1,OUTLOOK.EXE,0,0
28:24.6,OUTLOOK.EXE,0,0
29:40.6,Teams.exe,0,0
29:41.1,Teams.exe,0,0
29:44.1,Teams.exe,0,0
31:14.1,OUTLOOK.EXE,0,0
31:26.1,explorer.exe,0,0
31:29.1,OUTLOOK.EXE,0,0
31:29.6,Teams.exe,0,0
31:31.6,explorer.exe,0,0
31:32.6,OUTLOOK.EXE,0,0
31:36.1,OUTLOOK.EXE,0,0
31:42.1,Teams.exe,0,0
31:54.1,OUTLOOK.EXE,0,0
32:23.1,OUTLOOK.EXE,0,0
32:32.1,OUTLOOK.EXE,0,0
33:45.1,Teams.exe,0,0
33:48.1,OUTLOOK.EXE,0,0
34:28.1,Teams.exe,0,0
34:31.1,OUTLOOK.EXE,0,0
34:34.1,OUTLOOK.EXE,0,0
34:34.6,OUTLOOK.EXE,0,0
34:35.1,OUTLOOK.EXE,0,0
34:35.6,OUTLOOK.EXE,0,0
34:40.1,Teams.exe,0,0
35:08.6,OUTLOOK.EXE,0,0
36:04.6,OUTLOOK.EXE,0,0
36:16.1,OUTLOOK.EXE,0,0
36:17.6,OUTLOOK.EXE,0,0
36:22.6,OUTLOOK.EXE,0,0
36:25.6,OUTLOOK.EXE,0,0
36:36.1,Teams.exe,0,0
36:44.1,OUTLOOK.EXE,0,0
37:09.1,Teams.exe,0,0
37:15.1,OUTLOOK.EXE,0,0
37:54.1,OUTLOOK.EXE,0,0
37:56.1,OUTLOOK.EXE,0,0
37:59.1,Teams.exe,0,0
38:02.1,Teams.exe,0,0
38:05.1,OUTLOOK.EXE,0,0
38:05.6,OUTLOOK.EXE,0,0
38:41.6,OUTLOOK.EXE,0,0
40:35.6,Teams.exe,0,0
41:11.1,OUTLOOK.EXE,0,0
41:11.6,OUTLOOK.EXE,0,0
41:13.6,OUTLOOK.EXE,0,0
41:14.6,OUTLOOK.EXE,0,0
41:52.6,OUTLOOK.EXE,0,0
41:56.6,Teams.exe,0,0
41:59.1,OUTLOOK.EXE,0,0
42:11.1,OUTLOOK.EXE,0,0
42:26.6,explorer.exe,0,0
42:28.1,POWERPNT.EXE,0,0
42:34.6,Teams.exe,0,0
42:39.6,POWERPNT.EXE,0,0
42:51.1,Teams.exe,0,0
42:51.6,Teams.exe,0,0
43:36.6,POWERPNT.EXE,0,0
46:15.1,Teams.exe,0,0
54:08.6,POWERPNT.EXE,0,0
54:35.6,explorer.exe,0,0
54:37.1,POWERPNT.EXE,0,0
54:49.1,POWERPNT.EXE,0,0
54:58.1,POWERPNT.EXE,0,0
58:18.1,explorer.exe,0,0
58:24.6,Taskmgr.exe,0,0
58:26.1,Taskmgr.exe,0,0
58:42.6,Taskmgr.exe,0,0
58:43.1,Taskmgr.exe,0,0
58:43.6,Taskmgr.exe,0,0
58:44.1,Taskmgr.exe,0,0
58:44.6,Taskmgr.exe,0,0
58:45.1,Taskmgr.exe,0,0
58:45.6,Taskmgr.exe,0,0
58:46.1,Taskmgr.exe,0,0
58:46.6,Taskmgr.exe,0,0
58:47.1,Taskmgr.exe,0,0
59:13.6,explorer.exe,0,0
59:16.1,Taskmgr.exe,0,0
01:19.1,POWERPNT.EXE,0,0
01:21.1,Teams.exe,0,0
01:21.6,POWERPNT.EXE,0,0
01:24.1,POWERPNT.EXE,0,0
01:26.1,OUTLOOK.EXE,0,0
01:27.1,Teams.exe,0,0
01:27.6,Teams.exe,0,0
01:34.6,Teams.exe,0,0
01:35.6,Teams.exe,0,0
03:33.6,Teams.exe,0,0
03:35.1,Teams.exe,0,0
03:50.1,POWERPNT.EXE,0,0
03:52.1,Teams.exe,0,0
04:09.1,OUTLOOK.EXE,0,0
04:23.6,Teams.exe,0,0
04:31.1,explorer.exe,0,0
04:33.6,OUTLOOK.EXE,0,0
04:34.6,Teams.exe,0,0
04:37.1,Teams.exe,0,0
04:38.6,explorer.exe,0,0
04:46.6,OUTLOOK.EXE,0,0
04:48.1,OUTLOOK.EXE,0,0
05:08.6,OUTLOOK.EXE,0,0
05:39.6,explorer.exe,0,0
05:40.1,ShellExperienceHost.exe,0,0
05:48.6,explorer.exe,0,0
05:50.6,explorer.exe,0,0
06:03.6,POWERPNT.EXE,0,0
06:04.6,POWERPNT.EXE,0,0
06:45.6,OUTLOOK.EXE,0,0
06:50.1,explorer.exe,0,0
06:53.1,explorer.exe,0,0
07:00.6,explorer.exe,0,0
07:01.1,explorer.exe,0,0
07:04.1,explorer.exe,0,0
07:04.6,explorer.exe,0,0
07:05.1,explorer.exe,0,0
07:38.1,OUTLOOK.EXE,0,0
08:03.6,explorer.exe,0,0
08:05.6,Teams.exe,0,0
08:56.1,Teams.exe,0,0
09:47.1,OUTLOOK.EXE,0,0
10:25.1,OUTLOOK.EXE,0,0
10:36.6,OUTLOOK.EXE,0,0
10:37.6,OUTLOOK.EXE,0,0
10:55.1,explorer.exe,0,0
10:56.1,OUTLOOK.EXE,0,0
10:57.1,OUTLOOK.EXE,0,0
10:57.6,OUTLOOK.EXE,0,0
10:58.6,OUTLOOK.EXE,0,0
10:59.6,OUTLOOK.EXE,0,0
11:17.6,OUTLOOK.EXE,0,0
11:24.1,OUTLOOK.EXE,0,0
11:25.6,OUTLOOK.EXE,0,0
11:27.1,OUTLOOK.EXE,0,0
11:44.6,OUTLOOK.EXE,0,0
11:45.6,OUTLOOK.EXE,0,0
11:47.6,OUTLOOK.EXE,0,0
11:49.1,OUTLOOK.EXE,0,0
11:51.6,OUTLOOK.EXE,0,0
11:52.1,OUTLOOK.EXE,0,0
11:52.6,OUTLOOK.EXE,0,0
11:53.6,OUTLOOK.EXE,0,0
11:54.1,OUTLOOK.EXE,0,0
11:54.6,OUTLOOK.EXE,0,0
11:55.1,OUTLOOK.EXE,0,0
11:55.6,OUTLOOK.EXE,0,0
14:08.6,Teams.exe,0,0
14:11.1,Teams.exe,0,0
14:11.6,OUTLOOK.EXE,0,0
14:13.6,OUTLOOK.EXE,0,0
15:01.1,Teams.exe,0,0
15:07.6,OUTLOOK.EXE,0,0
17:17.1,OUTLOOK.EXE,0,0
17:18.6,OUTLOOK.EXE,0,0
18:02.6,OUTLOOK.EXE,0,0
18:03.6,OUTLOOK.EXE,0,0
18:04.6,OUTLOOK.EXE,0,0
18:05.6,OUTLOOK.EXE,0,0
21:14.1,OUTLOOK.EXE,0,0
21:16.1,OUTLOOK.EXE,0,0
26:59.6,Teams.exe,0,0
27:05.1,OUTLOOK.EXE,0,0
27:07.6,Teams.exe,0,0
27:08.1,OUTLOOK.EXE,0,0
27:13.1,Teams.exe,0,0
27:14.1,OUTLOOK.EXE,0,0
27:16.1,explorer.exe,0,0
27:16.6,SearchUI.exe,0,0
27:17.6,StartMenuExperienceHost.exe,0,0
57:16.4,LockApp.exe,0,0
57:47.9,SearchUI.exe,0,0
57:52.4,OUTLOOK.EXE,0,0
57:53.4,OUTLOOK.EXE,0,0
57:55.9,OUTLOOK.EXE,0,0
58:43.9,ShellExperienceHost.exe,0,0
58:57.4,explorer.exe,0,0
59:01.4,explorer.exe,0,0
59:01.9,explorer.exe,0,0
59:03.9,explorer.exe,0,0
59:33.4,explorer.exe,0,0
59:34.4,OUTLOOK.EXE,0,0
59:40.4,explorer.exe,0,0
00:40.4,OUTLOOK.EXE,0,0
00:46.4,SearchUI.exe,0,0
00:50.4,explorer.exe,0,0
00:50.9,vpnui.exe,0,0
00:54.4,vpnui.exe,0,0
00:59.9,vpnui.exe,0,0
01:00.9,vpndownloader.exe,0,0
01:01.9,vpnui.exe,0,0
01:46.4,explorer.exe,0,0
01:58.4,Teams.exe,0,0
02:47.4,OUTLOOK.EXE,0,0
02:51.4,Teams.exe,0,0
03:10.9,Teams.exe,0,0
03:24.9,explorer.exe,0,0
03:25.9,OUTLOOK.EXE,0,0
04:14.4,Teams.exe,0,0
04:14.9,OUTLOOK.EXE,0,0
04:22.9,OUTLOOK.EXE,0,0
04:25.4,OUTLOOK.EXE,0,0
04:26.4,OUTLOOK.EXE,0,0
04:31.9,OUTLOOK.EXE,0,0
04:32.9,OUTLOOK.EXE,0,0
04:33.4,OUTLOOK.EXE,0,0
04:33.9,OUTLOOK.EXE,0,0
04:52.4,OUTLOOK.EXE,0,0
05:03.9,Taskmgr.exe,0,0
05:08.4,cmd.exe,0,0
05:16.4,cmd.exe,0,0
52:03.1,cmd.exe,0,0
52:06.6,explorer.exe,0,0
52:07.6,cmd.exe,0,0
52:21.6,OUTLOOK.EXE,0,0
52:25.1,cmd.exe,0,0
52:25.6,OUTLOOK.EXE,0,0
53:15.1,explorer.exe,0,0
53:16.6,Teams.exe,0,0
53:52.6,explorer.exe,0,0
53:53.6,OUTLOOK.EXE,0,0
54:24.6,explorer.exe,0,0
54:33.1,Teams.exe,0,0
55:00.1,POWERPNT.EXE,0,0
55:05.1,POWERPNT.EXE,0,0
55:06.1,explorer.exe,0,0
55:10.6,cmd.exe,0,0
55:15.1,explorer.exe,0,0
55:16.1,OUTLOOK.EXE,0,0
55:42.1,OUTLOOK.EXE,0,0
55:44.1,OUTLOOK.EXE,0,0
56:40.1,OUTLOOK.EXE,0,0
56:43.6,OUTLOOK.EXE,0,0
57:42.1,workpace.exe,0,0
57:43.6,OUTLOOK.EXE,0,0
59:26.1,OUTLOOK.EXE,0,0
00:18.1,OUTLOOK.EXE,0,0
00:19.1,OUTLOOK.EXE,0,0
01:21.1,OUTLOOK.EXE,0,0
01:22.6,OUTLOOK.EXE,0,0
01:26.1,OUTLOOK.EXE,0,0
01:27.1,OUTLOOK.EXE,0,0
01:28.6,OUTLOOK.EXE,0,0
01:33.1,chrome.exe,0,0
01:40.1,Zoom.exe,0,0
01:43.6,Zoom.exe,0,0
01:53.1,Zoom.exe,0,0
01:54.1,Zoom.exe,0,0
01:54.6,Zoom.exe,0,0
02:02.1,Zoom.exe,0,0
02:23.1,chrome.exe,0,0
02:23.6,chrome.exe,0,0
02:24.1,chrome.exe,0,0
02:24.6,chrome.exe,0,0
02:25.1,chrome.exe,0,0
02:30.6,OUTLOOK.EXE,0,0
02:32.6,OUTLOOK.EXE,0,0
02:34.1,chrome.exe,0,0
02:35.1,WINWORD.EXE,0,0
02:41.6,explorer.exe,0,0
02:44.1,chrome.exe,0,0
03:39.1,Zoom.exe,0,0
03:45.1,Zoom.exe,0,0
03:46.6,Zoom.exe,0,0
03:47.1,Zoom.exe,0,0
03:50.1,Zoom.exe,0,0
03:52.1,chrome.exe,0,0
03:56.6,OUTLOOK.EXE,0,0
03:57.1,chrome.exe,0,0
04:01.6,OUTLOOK.EXE,0,0
04:31.1,OUTLOOK.EXE,0,0
04:35.6,OUTLOOK.EXE,0,0
04:59.6,OUTLOOK.EXE,0,0
05:02.6,OUTLOOK.EXE,0,0
05:10.6,OUTLOOK.EXE,0,0
05:11.1,OUTLOOK.EXE,0,0
05:11.6,OUTLOOK.EXE,0,0
05:21.1,ShellExperienceHost.exe,0,0
05:21.6,OUTLOOK.EXE,0,0
05:28.6,explorer.exe,0,0
05:33.1,explorer.exe,0,0
05:36.6,explorer.exe,0,0
05:38.6,chrome.exe,0,0
06:19.1,explorer.exe,0,0
06:20.1,OUTLOOK.EXE,0,0
06:25.1,OUTLOOK.EXE,0,0
06:25.6,OUTLOOK.EXE,0,0
06:31.6,OUTLOOK.EXE,0,0
06:33.6,OUTLOOK.EXE,0,0
06:36.1,OUTLOOK.EXE,0,0
06:37.6,OUTLOOK.EXE,0,0
06:50.1,OUTLOOK.EXE,0,0
06:51.6,OUTLOOK.EXE,0,0
06:59.6,chrome.exe,0,0
07:17.1,OUTLOOK.EXE,0,0
07:21.1,OUTLOOK.EXE,0,0
07:23.1,OUTLOOK.EXE,0,0
07:40.1,OUTLOOK.EXE,0,0
07:41.1,OUTLOOK.EXE,0,0
07:53.1,WINWORD.EXE,0,0
07:53.6,WINWORD.EXE,0,0
07:55.1,WINWORD.EXE,0,0
07:56.6,WINWORD.EXE,0,0
08:01.6,chrome.exe,0,0
09:08.1,WINWORD.EXE,0,0
09:09.6,WINWORD.EXE,0,0
09:11.1,WINWORD.EXE,0,0
09:11.6,chrome.exe,0,0
09:37.1,WINWORD.EXE,0,0
09:46.6,OUTLOOK.EXE,0,0
09:50.6,OUTLOOK.EXE,0,0
09:57.6,OUTLOOK.EXE,0,0
09:59.1,OUTLOOK.EXE,0,0
10:00.1,chrome.exe,0,0
10:35.1,OUTLOOK.EXE,0,0
10:36.1,chrome.exe,0,0
11:29.6,chrome.exe,0,0
13:39.1,chrome.exe,0,0
13:44.6,OUTLOOK.EXE,0,0
13:45.6,OUTLOOK.EXE,0,0
13:49.1,WINWORD.EXE,0,0
13:50.6,WINWORD.EXE,0,0
13:54.6,WINWORD.EXE,0,0
13:56.6,WINWORD.EXE,0,0
13:59.6,WINWORD.EXE,0,0
14:09.1,WINWORD.EXE,0,0
14:12.1,ShellExperienceHost.exe,0,0
14:17.6,explorer.exe,0,0
14:18.1,explorer.exe,0,0
14:29.1,chrome.exe,0,0
14:47.1,WINWORD.EXE,0,0
14:47.6,chrome.exe,0,0
14:49.1,OUTLOOK.EXE,0,0
14:50.6,chrome.exe,0,0
14:52.6,WINWORD.EXE,0,0
14:53.1,WINWORD.EXE,0,0
14:54.6,WINWORD.EXE,0,0
14:56.1,chrome.exe,0,0
14:57.1,OUTLOOK.EXE,0,0
15:07.1,chrome.exe,0,0
15:27.6,OUTLOOK.EXE,0,0
15:29.6,Zoom.exe,0,0
15:34.6,OUTLOOK.EXE,0,0
15:56.6,OUTLOOK.EXE,0,0
15:57.6,OUTLOOK.EXE,0,0
16:04.1,chrome.exe,0,0
16:14.1,OUTLOOK.EXE,0,0
16:40.6,chrome.exe,0,0
16:41.6,OUTLOOK.EXE,0,0
25:38.6,Zoom.exe,0,0
25:42.1,Zoom.exe,0,0
25:45.1,chrome.exe,0,0
25:49.6,WINWORD.EXE,0,0
25:54.1,chrome.exe,0,0
25:58.1,WINWORD.EXE,0,0
25:58.6,chrome.exe,0,0
26:01.6,chrome.exe,0,0
26:02.1,chrome.exe,0,0
27:11.6,explorer.exe,0,0
27:12.6,Teams.exe,0,0
27:14.6,Zoom.exe,0,0
27:15.1,Zoom.exe,0,0
27:25.6,explorer.exe,0,0
27:26.6,Teams.exe,0,0
27:29.6,Teams.exe,0,0
28:03.1,OUTLOOK.EXE,0,0
28:04.1,OUTLOOK.EXE,0,0
28:05.1,OUTLOOK.EXE,0,0
28:06.1,Teams.exe,0,0
28:19.6,OUTLOOK.EXE,0,0
28:20.6,OUTLOOK.EXE,0,0
28:22.6,OUTLOOK.EXE,0,0
28:24.1,Teams.exe,0,0
29:34.6,explorer.exe,0,0
29:37.6,OUTLOOK.EXE,0,0
33:48.1,OUTLOOK.EXE,0,0
33:49.1,OUTLOOK.EXE,0,0
33:50.6,OUTLOOK.EXE,0,0
33:51.1,OUTLOOK.EXE,0,0
33:52.1,OUTLOOK.EXE,0,0
33:52.6,OUTLOOK.EXE,0,0
33:53.1,OUTLOOK.EXE,0,0
33:54.1,OUTLOOK.EXE,0,0
34:44.6,OUTLOOK.EXE,0,0
34:45.6,OUTLOOK.EXE,0,0
35:55.1,Teams.exe,0,0
35:57.6,Zoom.exe,0,0
37:11.6,OUTLOOK.EXE,0,0
37:17.6,OUTLOOK.EXE,0,0
37:18.1,OUTLOOK.EXE,0,0
37:20.6,OUTLOOK.EXE,0,0
37:41.6,OUTLOOK.EXE,0,0
37:52.1,OUTLOOK.EXE,0,0
37:52.6,OUTLOOK.EXE,0,0
38:02.1,OUTLOOK.EXE,0,0
38:11.1,OUTLOOK.EXE,0,0
50:05.1,Zoom.exe,0,0
03:36.6,OUTLOOK.EXE,0,0
03:37.1,Zoom.exe,0,0
03:39.6,OUTLOOK.EXE,0,0
03:40.1,Zoom.exe,0,0
03:41.1,OUTLOOK.EXE,0,0
03:41.6,Zoom.exe,0,0
03:44.6,explorer.exe,0,0
03:46.6,POWERPNT.EXE,0,0
03:50.1,explorer.exe,0,0
03:51.1,OUTLOOK.EXE,0,0
04:24.6,OUTLOOK.EXE,0,0
04:50.1,OUTLOOK.EXE,0,0
04:56.1,explorer.exe,0,0
05:00.1,OUTLOOK.EXE,0,0
05:01.1,POWERPNT.EXE,0,0
05:17.1,explorer.exe,0,0
05:19.6,OUTLOOK.EXE,0,0
06:22.6,POWERPNT.EXE,0,0
06:34.6,POWERPNT.EXE,0,0
07:28.6,POWERPNT.EXE,0,0
07:32.1,OUTLOOK.EXE,0,0
07:37.6,chrome.exe,0,0
10:04.6,Zoom.exe,0,0
10:12.6,Zoom.exe,0,0
10:13.1,Zoom.exe,0,0
10:17.6,Zoom.exe,0,0
10:29.1,Zoom.exe,0,0
10:39.1,Zoom.exe,0,0
10:55.6,OUTLOOK.EXE,0,0
11:47.1,OUTLOOK.EXE,0,0
11:49.6,explorer.exe,0,0
11:52.1,chrome.exe,0,0
12:28.1,chrome.exe,0,0
12:28.6,chrome.exe,0,0
12:29.1,chrome.exe,0,0
12:29.6,chrome.exe,0,0
12:30.1,chrome.exe,0,0
12:30.6,chrome.exe,0,0
12:31.6,chrome.exe,0,0
14:16.1,Zoom.exe,0,0
15:12.6,Zoom.exe,0,0
15:14.1,chrome.exe,0,0
23:38.1,explorer.exe,0,0
23:39.6,OUTLOOK.EXE,0,0
23:42.6,OUTLOOK.EXE,0,0
23:45.1,OUTLOOK.EXE,0,0
23:45.6,OUTLOOK.EXE,0,0
23:46.6,OUTLOOK.EXE,0,0
23:48.1,OUTLOOK.EXE,0,0
23:50.6,chrome.exe,0,0
23:54.1,Zoom.exe,0,0
23:54.6,chrome.exe,0,0
23:56.1,Zoom.exe,0,0
23:57.1,OUTLOOK.EXE,0,0
23:57.6,chrome.exe,0,0
24:03.1,Zoom.exe,0,0
24:04.6,Zoom.exe,0,0
24:07.1,Zoom.exe,0,0
24:12.1,Zoom.exe,0,0
24:14.1,chrome.exe,0,0
24:15.6,chrome.exe,0,0
31:54.6,explorer.exe,0,0
31:56.1,OUTLOOK.EXE,0,0
32:36.6,OUTLOOK.EXE,0,0
32:39.6,OUTLOOK.EXE,0,0
32:40.6,OUTLOOK.EXE,0,0
32:41.6,OUTLOOK.EXE,0,0
32:43.6,OUTLOOK.EXE,0,0
32:46.1,OUTLOOK.EXE,0,0
32:47.1,OUTLOOK.EXE,0,0
32:49.6,OUTLOOK.EXE,0,0
32:57.1,Teams.exe,0,0
58:40.1,LockApp.exe,0,0
58:46.6,explorer.exe,0,0
58:47.1,Teams.exe,0,0
59:34.6,chrome.exe,0,0
59:36.6,OUTLOOK.EXE,0,0
59:41.6,OUTLOOK.EXE,0,0
00:20.1,POWERPNT.EXE,0,0
00:21.1,POWERPNT.EXE,0,0
00:31.1,POWERPNT.EXE,0,0
00:54.1,OUTLOOK.EXE,0,0
00:54.6,Teams.exe,0,0
01:01.6,Teams.exe,0,0
01:03.1,OUTLOOK.EXE,0,0
01:06.6,Teams.exe,0,0
01:14.6,OUTLOOK.EXE,0,0
01:16.6,Teams.exe,0,0
01:20.6,POWERPNT.EXE,0,0
01:24.1,POWERPNT.EXE,0,0
01:24.6,POWERPNT.EXE,0,0
01:25.6,OUTLOOK.EXE,0,0
02:01.1,BESClientUI.exe,0,0
02:02.1,OUTLOOK.EXE,0,0
02:03.6,Teams.exe,0,0
02:07.1,OUTLOOK.EXE,0,0
02:10.1,Teams.exe,0,0
02:26.6,OUTLOOK.EXE,0,0
02:33.6,OUTLOOK.EXE,0,0
02:40.6,OUTLOOK.EXE,0,0
03:00.1,OUTLOOK.EXE,0,0
03:00.6,OUTLOOK.EXE,0,0
03:07.6,explorer.exe,0,0
03:09.1,OUTLOOK.EXE,0,0
03:11.1,OUTLOOK.EXE,0,0
03:14.6,OUTLOOK.EXE,0,0
03:16.1,OUTLOOK.EXE,0,0
03:19.1,OUTLOOK.EXE,0,0
03:21.6,OUTLOOK.EXE,0,0
03:24.6,OUTLOOK.EXE,0,0
04:12.1,Teams.exe,0,0
04:14.1,OUTLOOK.EXE,0,0
04:15.1,OUTLOOK.EXE,0,0
04:18.1,Teams.exe,0,0
04:21.1,Teams.exe,0,0
05:14.6,Teams.exe,0,0
05:22.6,explorer.exe,0,0
05:24.6,Teams.exe,0,0
05:27.1,Teams.exe,0,0
57:48.1,BESClientUI.exe,0,0
59:39.6,Teams.exe,0,0
59:40.6,Teams.exe,0,0
02:42.6,Teams.exe,0,0
02:43.1,Teams.exe,0,0
02:46.1,OUTLOOK.EXE,0,0
02:54.1,Teams.exe,0,0
07:49.6,OUTLOOK.EXE,0,0
07:53.1,OUTLOOK.EXE,0,0
07:54.6,OUTLOOK.EXE,0,0
07:56.1,OUTLOOK.EXE,0,0
07:57.6,Teams.exe,0,0
07:59.1,OUTLOOK.EXE,0,0
08:00.6,OUTLOOK.EXE,0,0
08:07.1,OUTLOOK.EXE,0,0
08:07.6,Teams.exe,0,0
08:12.1,Teams.exe,0,0
08:21.1,OUTLOOK.EXE,0,0
08:39.1,OUTLOOK.EXE,0,0
08:41.6,OUTLOOK.EXE,0,0
09:00.6,Teams.exe,0,0
09:02.6,Teams.exe,0,0
09:05.1,explorer.exe,0,0
09:07.6,WINWORD.EXE,0,0
09:19.6,Teams.exe,0,0
09:50.1,explorer.exe,0,0
10:04.1,Teams.exe,0,0
10:06.6,WINWORD.EXE,0,0
10:11.1,explorer.exe,0,0
10:13.6,chrome.exe,0,0
10:15.6,chrome.exe,0,0
10:17.6,chrome.exe,0,0
11:03.6,explorer.exe,0,0
11:04.6,OUTLOOK.EXE,0,0
11:10.6,OUTLOOK.EXE,0,0
11:12.1,OUTLOOK.EXE,0,0
11:20.6,OUTLOOK.EXE,0,0
11:21.1,OUTLOOK.EXE,0,0
11:25.1,chrome.exe,0,0
12:14.1,OUTLOOK.EXE,0,0
12:15.6,Teams.exe,0,0
12:22.1,Teams.exe,0,0
12:54.6,explorer.exe,0,0
12:57.6,POWERPNT.EXE,0,0
13:01.1,Teams.exe,0,0
13:03.6,POWERPNT.EXE,0,0
13:16.6,explorer.exe,0,0
13:37.1,POWERPNT.EXE,0,0
13:48.6,POWERPNT.EXE,0,0
13:51.1,POWERPNT.EXE,0,0
14:00.6,POWERPNT.EXE,0,0
14:03.6,POWERPNT.EXE,0,0
14:30.6,chrome.exe,0,0
14:35.6,explorer.exe,0,0
14:37.1,POWERPNT.EXE,0,0
15:26.1,POWERPNT.EXE,0,0
15:32.1,POWERPNT.EXE,0,0
16:12.6,chrome.exe,0,0
16:15.6,Teams.exe,0,0
16:17.6,chrome.exe,0,0
16:18.1,chrome.exe,0,0
16:21.1,Teams.exe,0,0
16:25.6,POWERPNT.EXE,0,0
16:28.6,Teams.exe,0,0
16:29.6,Teams.exe,0,0
16:40.6,POWERPNT.EXE,0,0
16:49.1,Teams.exe,0,0
16:51.1,POWERPNT.EXE,0,0
16:53.1,Teams.exe,0,0
16:55.1,workpace.exe,0,0
16:55.6,Teams.exe,0,0
16:59.6,POWERPNT.EXE,0,0
17:16.1,Teams.exe,0,0
17:21.1,POWERPNT.EXE,0,0
17:26.6,POWERPNT.EXE,0,0
19:12.6,Teams.exe,0,0
19:13.1,Teams.exe,0,0
19:14.1,Teams.exe,0,0
19:14.6,Teams.exe,0,0
30:09.6,explorer.exe,0,0
30:11.1,OUTLOOK.EXE,0,0
30:13.1,OUTLOOK.EXE,0,0
30:15.6,Teams.exe,0,0
35:31.6,POWERPNT.EXE,0,0
38:25.6,explorer.exe,0,0
38:26.6,POWERPNT.EXE,0,0
38:28.1,POWERPNT.EXE,0,0
38:32.1,POWERPNT.EXE,0,0
38:36.1,POWERPNT.EXE,0,0
39:37.6,POWERPNT.EXE,0,0
40:26.6,Teams.exe,0,0
40:30.1,Teams.exe,0,0
40:30.6,Teams.exe,0,0
40:31.1,Teams.exe,0,0
43:04.1,POWERPNT.EXE,0,0
01:40.1,LockApp.exe,0,0
01:46.1,explorer.exe,0,0
01:50.1,BESClientUI.exe,0,0
01:51.1,POWERPNT.EXE,0,0
02:05.1,OUTLOOK.EXE,0,0
02:07.6,OUTLOOK.EXE,0,0
02:53.6,POWERPNT.EXE,0,0
10:22.1,OUTLOOK.EXE,0,0
10:27.6,chrome.exe,0,0
11:35.6,explorer.exe,0,0
11:36.1,SnippingTool.exe,0,0
11:38.6,SnippingTool.exe,0,0
11:39.6,SnippingTool.exe,0,0
11:42.1,SnippingTool.exe,0,0
11:42.6,SnippingTool.exe,0,0
11:44.6,OUTLOOK.EXE,0,0
12:49.1,chrome.exe,0,0
13:33.1,chrome.exe,0,0
13:33.6,chrome.exe,0,0
13:35.1,chrome.exe,0,0
13:35.6,chrome.exe,0,0
13:45.6,OUTLOOK.EXE,0,0
14:05.6,SnippingTool.exe,0,0
14:08.1,SnippingTool.exe,0,0
14:08.6,SnippingTool.exe,0,0
14:10.6,SnippingTool.exe,0,0
14:11.1,OUTLOOK.EXE,0,0
14:47.6,OUTLOOK.EXE,0,0
14:50.1,OUTLOOK.EXE,0,0
15:11.1,SnippingTool.exe,0,0
15:11.6,OUTLOOK.EXE,0,0
15:52.1,chrome.exe,0,0
16:47.1,OUTLOOK.EXE,0,0
16:47.6,OUTLOOK.EXE,0,0
16:49.1,Teams.exe,0,0
17:07.6,Teams.exe,0,0
17:15.6,OUTLOOK.EXE,0,0
17:21.6,Teams.exe,0,0
17:24.1,OUTLOOK.EXE,0,0
17:25.6,Teams.exe,0,0
17:29.1,chrome.exe,0,0
19:51.1,OUTLOOK.EXE,0,0
19:53.1,OUTLOOK.EXE,0,0
19:55.1,OUTLOOK.EXE,0,0
20:04.6,OUTLOOK.EXE,0,0
20:10.1,chrome.exe,0,0
20:12.1,workpace.exe,0,0
20:12.6,chrome.exe,0,0
20:56.1,OUTLOOK.EXE,0,0
20:56.6,chrome.exe,0,0
21:32.6,chrome.exe,0,0
21:35.1,Teams.exe,0,0
21:35.6,chrome.exe,0,0
21:43.1,OUTLOOK.EXE,0,0
21:53.6,OUTLOOK.EXE,0,0
21:55.6,OUTLOOK.EXE,0,0
22:18.1,explorer.exe,0,0
22:23.6,chrome.exe,0,0
22:25.6,explorer.exe,0,0
22:26.6,OUTLOOK.EXE,0,0
22:28.1,OUTLOOK.EXE,0,0
22:29.6,chrome.exe,0,0
22:30.6,explorer.exe,0,0
23:06.6,chrome.exe,0,0
26:51.1,OUTLOOK.EXE,0,0
26:52.1,POWERPNT.EXE,0,0
26:53.1,POWERPNT.EXE,0,0
26:55.6,POWERPNT.EXE,0,0
27:01.1,SearchUI.exe,0,0
27:01.6,StartMenuExperienceHost.exe,0,0
03:18.2,LockApp.exe,0,0
03:26.7,explorer.exe,0,0
03:27.2,SearchUI.exe,0,0
03:30.2,SearchUI.exe,0,0
04:39.7,vpnui.exe,0,0
04:43.2,POWERPNT.EXE,0,0
04:46.2,vpnui.exe,0,0
04:51.2,explorer.exe,0,0
04:54.2,POWERPNT.EXE,0,0
05:00.7,OUTLOOK.EXE,0,0
05:01.7,POWERPNT.EXE,0,0
05:03.7,explorer.exe,0,0
05:05.2,OUTLOOK.EXE,0,0
05:11.7,OUTLOOK.EXE,0,0
05:21.2,OUTLOOK.EXE,0,0
05:23.2,OUTLOOK.EXE,0,0
05:27.7,explorer.exe,0,0
05:30.2,OUTLOOK.EXE,0,0
05:33.2,Teams.exe,0,0
05:33.7,Teams.exe,0,0
05:36.7,Teams.exe,0,0
05:37.2,Teams.exe,0,0
05:38.2,Teams.exe,0,0
05:44.2,explorer.exe,0,0
05:46.7,explorer.exe,0,0
05:48.2,vpnui.exe,0,0
05:51.7,vpnui.exe,0,0
06:03.7,vpnui.exe,0,0
06:04.7,vpndownloader.exe,0,0
06:05.7,Teams.exe,0,0
06:11.7,POWERPNT.EXE,0,0
06:14.7,Teams.exe,0,0
06:17.2,POWERPNT.EXE,0,0
06:17.7,Teams.exe,0,0
06:18.7,Teams.exe,0,0
06:19.2,Teams.exe,0,0
06:20.7,Teams.exe,0,0
06:24.2,Teams.exe,0,0
06:26.7,POWERPNT.EXE,0,0
06:32.7,Teams.exe,0,0
07:06.7,POWERPNT.EXE,0,0
07:10.7,POWERPNT.EXE,0,0
07:28.7,Teams.exe,0,0
07:37.7,Teams.exe,0,0
07:44.7,POWERPNT.EXE,0,0
07:47.7,POWERPNT.EXE,0,0
07:50.2,POWERPNT.EXE,0,0
08:01.2,explorer.exe,0,0
08:02.7,chrome.exe,0,0
08:04.2,chrome.exe,0,0
09:14.7,POWERPNT.EXE,0,0
09:28.8,Teams.exe,0,0
09:31.8,Teams.exe,0,0
09:32.3,Teams.exe,0,0
12:52.0,POWERPNT.EXE,0,0
13:10.5,chrome.exe,0,0
13:13.0,POWERPNT.EXE,0,0
14:56.1,chrome.exe,0,0
14:59.6,chrome.exe,0,0
21:46.6,POWERPNT.EXE,0,0
22:12.1,explorer.exe,0,0
22:13.1,chrome.exe,0,0
22:50.6,POWERPNT.EXE,0,0
26:06.1,Teams.exe,0,0
26:06.6,Teams.exe,0,0
27:18.1,POWERPNT.EXE,0,0
27:28.1,explorer.exe,0,0
27:29.6,chrome.exe,0,0
29:07.6,POWERPNT.EXE,0,0
40:14.1,Teams.exe,0,0
40:16.1,Teams.exe,0,0
41:52.1,POWERPNT.EXE,0,0
42:14.1,Teams.exe,0,0
47:18.1,POWERPNT.EXE,0,0
47:43.6,Teams.exe,0,0
56:17.6,POWERPNT.EXE,0,0
56:19.1,POWERPNT.EXE,0,0
56:25.1,Teams.exe,0,0
57:27.1,Teams.exe,0,0
57:41.6,Teams.exe,0,0
57:42.6,POWERPNT.EXE,0,0
57:44.1,OUTLOOK.EXE,0,0
57:46.1,POWERPNT.EXE,0,0
57:56.1,Teams.exe,0,0
01:10.6,POWERPNT.EXE,0,0
01:11.1,POWERPNT.EXE,0,0
01:17.6,explorer.exe,0,0
01:18.6,OUTLOOK.EXE,0,0
01:20.1,OUTLOOK.EXE,0,0
03:27.6,BESClientUI.exe,0,0
03:39.1,OUTLOOK.EXE,0,0
03:41.1,OUTLOOK.EXE,0,0
04:06.6,OUTLOOK.EXE,0,0
04:08.1,OUTLOOK.EXE,0,0
04:09.6,explorer.exe,0,0
04:10.6,chrome.exe,0,0
05:59.6,OUTLOOK.EXE,0,0
06:06.1,OUTLOOK.EXE,0,0
06:08.1,OUTLOOK.EXE,0,0
06:22.1,OUTLOOK.EXE,0,0
06:25.1,OUTLOOK.EXE,0,0
06:25.6,OUTLOOK.EXE,0,0
06:28.1,OUTLOOK.EXE,0,0
06:36.1,explorer.exe,0,0
06:37.1,OUTLOOK.EXE,0,0
06:40.1,OUTLOOK.EXE,0,0
06:42.1,Teams.exe,0,0
06:42.6,Teams.exe,0,0
06:55.6,Teams.exe,0,0
06:58.1,OUTLOOK.EXE,0,0
07:03.1,Teams.exe,0,0
07:05.6,OUTLOOK.EXE,0,0
07:06.6,OUTLOOK.EXE,0,0
07:08.6,OUTLOOK.EXE,0,0
07:10.1,OUTLOOK.EXE,0,0
07:13.6,Teams.exe,0,0
07:18.1,Teams.exe,0,0
07:22.1,Teams.exe,0,0
07:23.6,WINWORD.EXE,0,0
07:24.1,Teams.exe,0,0
07:25.6,Teams.exe,0,0
07:30.1,Teams.exe,0,0
11:56.1,Teams.exe,0,0
11:59.1,Teams.exe,0,0
16:30.6,chrome.exe,0,0
18:31.1,Teams.exe,0,0
18:46.1,explorer.exe,0,0
18:49.6,Teams.exe,0,0
21:39.1,explorer.exe,0,0
21:40.1,OUTLOOK.EXE,0,0
21:45.6,OUTLOOK.EXE,0,0
21:46.1,OUTLOOK.EXE,0,0
21:56.1,OUTLOOK.EXE,0,0
22:08.1,Teams.exe,0,0
22:10.1,Teams.exe,0,0
22:13.6,Teams.exe,0,0
22:21.6,Teams.exe,0,0
22:24.6,Teams.exe,0,0
22:29.6,Teams.exe,0,0
30:53.6,OUTLOOK.EXE,0,0
30:56.6,OUTLOOK.EXE,0,0
30:58.1,OUTLOOK.EXE,0,0
31:01.6,OUTLOOK.EXE,0,0
31:04.1,OUTLOOK.EXE,0,0
31:10.1,OUTLOOK.EXE,0,0
31:10.6,OUTLOOK.EXE,0,0
31:21.6,OUTLOOK.EXE,0,0
31:22.1,OUTLOOK.EXE,0,0
31:28.1,Teams.exe,0,0
47:32.6,ShellExperienceHost.exe,0,0
47:33.6,OUTLOOK.EXE,0,0
47:39.6,OUTLOOK.EXE,0,0
47:40.6,OUTLOOK.EXE,0,0
47:55.1,explorer.exe,0,0
47:57.6,OUTLOOK.EXE,0,0
48:02.1,OUTLOOK.EXE,0,0
48:02.6,OUTLOOK.EXE,0,0
48:04.1,OUTLOOK.EXE,0,0
48:04.6,explorer.exe,0,0
48:05.1,explorer.exe,0,0
48:07.1,OUTLOOK.EXE,0,0
48:22.1,OUTLOOK.EXE,0,0
48:29.6,workpace.exe,0,0
48:30.1,chrome.exe,0,0
48:32.6,OUTLOOK.EXE,0,0
48:43.1,explorer.exe,0,0
48:45.1,OUTLOOK.EXE,0,0
49:10.6,OUTLOOK.EXE,0,0
49:11.1,OUTLOOK.EXE,0,0
49:24.6,explorer.exe,0,0
49:28.1,OUTLOOK.EXE,0,0
49:57.1,OUTLOOK.EXE,0,0
50:03.6,OUTLOOK.EXE,0,0
50:07.6,OUTLOOK.EXE,0,0
50:09.1,OUTLOOK.EXE,0,0
50:13.1,OUTLOOK.EXE,0,0
50:16.6,OUTLOOK.EXE,0,0
50:17.6,OUTLOOK.EXE,0,0
50:18.1,OUTLOOK.EXE,0,0
50:20.6,OUTLOOK.EXE,0,0
50:22.1,OUTLOOK.EXE,0,0
50:27.6,OUTLOOK.EXE,0,0
50:50.1,chrome.exe,0,0
50:53.6,Teams.exe,0,0
51:08.6,Teams.exe,0,0
51:09.1,Teams.exe,0,0
51:12.6,OUTLOOK.EXE,0,0
51:17.1,Teams.exe,0,0
51:31.1,Teams.exe,0,0
58:06.1,Teams.exe,0,0
58:09.1,Teams.exe,0,0
02:10.1,chrome.exe,0,0
02:14.6,POWERPNT.EXE,0,0
03:14.1,Teams.exe,0,0
03:29.1,BESClientUI.exe,0,0
03:31.6,explorer.exe,0,0
03:34.1,OUTLOOK.EXE,0,0
03:37.1,OUTLOOK.EXE,0,0
03:37.6,OUTLOOK.EXE,0,0
03:38.1,OUTLOOK.EXE,0,0
03:39.1,OUTLOOK.EXE,0,0
03:55.6,POWERPNT.EXE,0,0
04:19.6,Teams.exe,0,0
04:20.1,Teams.exe,0,0
04:26.1,Teams.exe,0,0
05:02.1,Teams.exe,0,0
05:02.6,Teams.exe,0,0
05:07.6,explorer.exe,0,0
05:09.1,OUTLOOK.EXE,0,0
05:15.1,explorer.exe,0,0
05:16.1,OUTLOOK.EXE,0,0
05:16.6,OUTLOOK.EXE,0,0
05:19.6,Teams.exe,0,0
05:20.1,OUTLOOK.EXE,0,0
05:22.1,explorer.exe,0,0
05:23.1,OUTLOOK.EXE,0,0
05:25.6,OUTLOOK.EXE,0,0
05:27.1,OUTLOOK.EXE,0,0
05:28.6,OUTLOOK.EXE,0,0
05:30.6,Teams.exe,0,0
05:34.6,Teams.exe,0,0
11:08.6,Teams.exe,0,0
12:09.1,Teams.exe,0,0
14:23.1,OUTLOOK.EXE,0,0
15:11.6,OUTLOOK.EXE,0,0
15:13.6,OUTLOOK.EXE,0,0
15:16.1,Teams.exe,0,0
16:00.6,OUTLOOK.EXE,0,0
16:09.6,Teams.exe,0,0
16:22.1,OUTLOOK.EXE,0,0
16:26.6,Teams.exe,0,0
16:28.6,Teams.exe,0,0
16:31.1,Teams.exe,0,0
16:31.6,WINWORD.EXE,0,0
16:58.1,OUTLOOK.EXE,0,0
17:02.6,Teams.exe,0,0
17:08.1,POWERPNT.EXE,0,0
17:20.1,Teams.exe,0,0
18:52.1,explorer.exe,0,0
18:55.1,cmd.exe,0,0
19:07.8,cmd.exe,0,0
19:45.3,Teams.exe,0,0
19:46.8,POWERPNT.EXE,0,0
20:23.3,Teams.exe,0,0
22:53.8,explorer.exe,0,0
22:55.8,OUTLOOK.EXE,0,0
22:58.3,OUTLOOK.EXE,0,0
23:21.8,Teams.exe,0,0
23:23.8,OUTLOOK.EXE,0,0
23:28.3,OUTLOOK.EXE,0,0
23:31.3,OUTLOOK.EXE,0,0
23:31.8,OUTLOOK.EXE,0,0
24:50.3,Teams.exe,0,0
24:52.3,OUTLOOK.EXE,0,0
26:37.8,Teams.exe,0,0
26:39.8,OUTLOOK.EXE,0,0
28:28.3,Teams.exe,0,0
28:29.8,OUTLOOK.EXE,0,0
28:53.3,Teams.exe,0,0
31:58.3,OUTLOOK.EXE,0,0
31:59.8,OUTLOOK.EXE,0,0
32:03.3,Teams.exe,0,0
32:06.3,Teams.exe,0,0
32:08.3,OUTLOOK.EXE,0,0
32:08.8,Teams.exe,0,0
32:10.8,OUTLOOK.EXE,0,0
32:11.3,OUTLOOK.EXE,0,0
32:17.3,Teams.exe,0,0
32:21.8,Teams.exe,0,0
32:29.8,OUTLOOK.EXE,0,0
32:43.8,OUTLOOK.EXE,0,0
32:44.8,Teams.exe,0,0
32:45.8,OUTLOOK.EXE,0,0
32:47.3,Teams.exe,0,0
32:50.3,OUTLOOK.EXE,0,0
33:03.3,Teams.exe,0,0
33:18.3,OUTLOOK.EXE,0,0
33:32.8,OUTLOOK.EXE,0,0
33:33.3,OUTLOOK.EXE,0,0
33:33.8,OUTLOOK.EXE,0,0
33:34.3,OUTLOOK.EXE,0,0
33:34.8,OUTLOOK.EXE,0,0
33:35.3,OUTLOOK.EXE,0,0
33:35.8,OUTLOOK.EXE,0,0
33:36.3,OUTLOOK.EXE,0,0
34:18.3,OUTLOOK.EXE,0,0
34:20.3,OUTLOOK.EXE,0,0
34:38.8,OUTLOOK.EXE,0,0
34:41.3,OUTLOOK.EXE,0,0
34:58.3,OUTLOOK.EXE,0,0
35:15.8,OUTLOOK.EXE,0,0
35:22.8,OUTLOOK.EXE,0,0
35:25.3,OUTLOOK.EXE,0,0
35:39.3,explorer.exe,0,0
35:40.3,OUTLOOK.EXE,0,0
35:46.8,OUTLOOK.EXE,0,0
37:01.3,OUTLOOK.EXE,0,0
37:05.3,OUTLOOK.EXE,0,0
37:09.3,OUTLOOK.EXE,0,0
37:10.3,OUTLOOK.EXE,0,0
37:24.8,OUTLOOK.EXE,0,0
37:26.8,OUTLOOK.EXE,0,0
37:29.8,OUTLOOK.EXE,0,0
37:31.8,OUTLOOK.EXE,0,0
37:46.3,OUTLOOK.EXE,0,0
37:48.3,OUTLOOK.EXE,0,0
38:07.8,OUTLOOK.EXE,0,0
38:09.8,OUTLOOK.EXE,0,0
39:14.8,explorer.exe,0,0
39:17.8,OUTLOOK.EXE,0,0
39:52.8,OUTLOOK.EXE,0,0
39:54.3,OUTLOOK.EXE,0,0
39:56.8,Teams.exe,0,0
39:58.3,OUTLOOK.EXE,0,0
40:08.8,cmd.exe,0,0
40:11.3,OUTLOOK.EXE,0,0
40:11.8,WINWORD.EXE,0,0
40:13.8,OUTLOOK.EXE,0,0
40:14.8,Teams.exe,0,0
40:21.3,OUTLOOK.EXE,0,0
40:46.3,Teams.exe,0,0
40:50.8,OUTLOOK.EXE,0,0
41:01.3,OUTLOOK.EXE,0,0
41:02.8,OUTLOOK.EXE,0,0
41:03.4,OUTLOOK.EXE,0,0
41:04.8,OUTLOOK.EXE,0,0
41:11.8,OUTLOOK.EXE,0,0
41:13.8,OUTLOOK.EXE,0,0
41:21.3,OUTLOOK.EXE,0,0
41:22.3,OUTLOOK.EXE,0,0
41:23.8,OUTLOOK.EXE,0,0
41:29.9,OUTLOOK.EXE,0,0
41:31.3,OUTLOOK.EXE,0,0
41:36.9,OUTLOOK.EXE,0,0
41:39.8,OUTLOOK.EXE,0,0
41:40.8,OUTLOOK.EXE,0,0
41:45.8,OUTLOOK.EXE,0,0
41:46.8,OUTLOOK.EXE,0,0
41:47.8,OUTLOOK.EXE,0,0
41:48.3,OUTLOOK.EXE,0,0
42:32.3,OUTLOOK.EXE,0,0
42:33.8,Teams.exe,0,0
42:35.4,explorer.exe,0,0
42:36.3,OUTLOOK.EXE,0,0
42:36.9,OUTLOOK.EXE,0,0
42:51.3,OUTLOOK.EXE,0,0
42:53.3,OUTLOOK.EXE,0,0
42:57.3,OUTLOOK.EXE,0,0
45:09.8,OUTLOOK.EXE,0,0
45:13.3,OUTLOOK.EXE,0,0
45:25.8,OUTLOOK.EXE,0,0
45:28.3,OUTLOOK.EXE,0,0
45:28.8,OUTLOOK.EXE,0,0
45:29.3,OUTLOOK.EXE,0,0
45:32.3,OUTLOOK.EXE,0,0
45:34.3,OUTLOOK.EXE,0,0
47:25.4,OUTLOOK.EXE,0,0
47:38.3,OUTLOOK.EXE,0,0
47:59.4,explorer.exe,0,0
48:01.3,OUTLOOK.EXE,0,0
48:10.4,OUTLOOK.EXE,0,0
48:13.8,OUTLOOK.EXE,0,0
48:15.3,POWERPNT.EXE,0,0
48:17.3,OUTLOOK.EXE,0,0
48:18.8,chrome.exe,0,0
49:36.4,explorer.exe,0,0
49:37.4,OUTLOOK.EXE,0,0
49:40.3,OUTLOOK.EXE,0,0
49:41.8,OUTLOOK.EXE,0,0
49:43.3,OUTLOOK.EXE,0,0
49:45.3,workpace.exe,0,0
49:45.8,OUTLOOK.EXE,0,0
04:17.8,LockApp.exe,0,0
04:24.3,explorer.exe,0,0
04:26.3,OUTLOOK.EXE,0,0
04:29.3,chrome.exe,0,0
08:35.8,OUTLOOK.EXE,0,0
08:37.8,OUTLOOK.EXE,0,0
09:22.3,OUTLOOK.EXE,0,0
09:22.8,OUTLOOK.EXE,0,0
09:23.8,OUTLOOK.EXE,0,0
09:28.3,Teams.exe,0,0
09:28.8,Teams.exe,0,0
09:38.3,Teams.exe,0,0
09:50.3,OUTLOOK.EXE,0,0
10:31.3,OUTLOOK.EXE,0,0
10:34.3,OUTLOOK.EXE,0,0
10:38.8,OUTLOOK.EXE,0,0
10:43.8,OUTLOOK.EXE,0,0
11:05.3,OUTLOOK.EXE,0,0
11:07.3,OUTLOOK.EXE,0,0
11:10.8,OUTLOOK.EXE,0,0
11:12.3,OUTLOOK.EXE,0,0
11:31.3,OUTLOOK.EXE,0,0
11:32.8,OUTLOOK.EXE,0,0
11:37.8,OUTLOOK.EXE,0,0
11:39.3,OUTLOOK.EXE,0,0
11:48.3,OUTLOOK.EXE,0,0
11:49.8,OUTLOOK.EXE,0,0
11:50.8,Teams.exe,0,0
12:02.3,OUTLOOK.EXE,0,0
12:03.8,OUTLOOK.EXE,0,0
12:05.8,OUTLOOK.EXE,0,0
12:08.3,POWERPNT.EXE,0,0
12:13.8,Teams.exe,0,0
12:21.3,Teams.exe,0,0
12:34.8,explorer.exe,0,0
12:35.8,OUTLOOK.EXE,0,0
12:49.8,Teams.exe,0,0
50:48.8,OUTLOOK.EXE,0,0
50:49.3,OUTLOOK.EXE,0,0
51:27.3,Teams.exe,0,0
51:27.8,Teams.exe,0,0
51:32.3,Teams.exe,0,0
51:32.8,Teams.exe,0,0
53:41.8,explorer.exe,0,0
53:43.3,OUTLOOK.EXE,0,0
54:15.3,OUTLOOK.EXE,0,0
54:17.3,OUTLOOK.EXE,0,0
55:07.8,OUTLOOK.EXE,0,0
55:09.3,OUTLOOK.EXE,0,0
55:23.8,OUTLOOK.EXE,0,0
55:24.8,OUTLOOK.EXE,0,0
55:56.3,Teams.exe,0,0
55:59.3,explorer.exe,0,0
56:01.8,chrome.exe,0,0
56:23.3,WINWORD.EXE,0,0
57:44.8,WINWORD.EXE,0,0
57:45.3,WINWORD.EXE,0,0
57:45.8,WINWORD.EXE,0,0
57:46.3,WINWORD.EXE,0,0
57:46.8,WINWORD.EXE,0,0
02:16.3,WINWORD.EXE,0,0
02:17.3,WINWORD.EXE,0,0
03:23.8,WINWORD.EXE,0,0
03:24.8,WINWORD.EXE,0,0
03:26.3,WINWORD.EXE,0,0
03:27.8,WINWORD.EXE,0,0
03:30.8,explorer.exe,0,0
03:34.3,OUTLOOK.EXE,0,0
03:37.8,OUTLOOK.EXE,0,0
03:41.8,WINWORD.EXE,0,0
06:47.3,WINWORD.EXE,0,0
06:48.3,WINWORD.EXE,0,0
07:43.8,WINWORD.EXE,0,0
07:45.3,WINWORD.EXE,0,0
14:40.8,WINWORD.EXE,0,0
14:42.8,WINWORD.EXE,0,0
16:45.8,WINWORD.EXE,0,0
16:48.3,WINWORD.EXE,0,0
17:34.3,WINWORD.EXE,0,0
17:35.8,WINWORD.EXE,0,0
18:22.3,WINWORD.EXE,0,0
18:23.3,WINWORD.EXE,0,0
22:26.3,OUTLOOK.EXE,0,0
22:28.3,OUTLOOK.EXE,0,0
22:35.3,Teams.exe,0,0
22:39.3,Teams.exe,0,0
23:02.3,Teams.exe,0,0
27:13.3,Teams.exe,0,0
27:25.3,WINWORD.EXE,0,0
28:51.8,WINWORD.EXE,0,0
28:58.3,WINWORD.EXE,0,0
29:15.8,WINWORD.EXE,0,0
29:34.3,WINWORD.EXE,0,0
29:41.8,WINWORD.EXE,0,0
29:42.8,WINWORD.EXE,0,0
34:04.3,WINWORD.EXE,0,0
34:05.8,WINWORD.EXE,0,0
37:38.3,WINWORD.EXE,0,0
37:39.3,WINWORD.EXE,0,0
37:45.3,Teams.exe,0,0
38:01.8,WINWORD.EXE,0,0
40:10.3,Teams.exe,0,0
40:17.3,Teams.exe,0,0
42:01.8,BESClientUI.exe,0,0
42:03.8,Teams.exe,0,0
43:35.3,Teams.exe,0,0
50:17.3,Teams.exe,0,0
56:26.3,explorer.exe,0,0
56:28.3,Teams.exe,0,0
57:19.3,Teams.exe,0,0
57:57.3,Teams.exe,0,0
58:01.3,Teams.exe,0,0
03:30.8,BESClientUI.exe,0,0
03:33.8,Teams.exe,0,0
07:15.8,WINWORD.EXE,0,0
07:18.8,chrome.exe,0,0
10:54.3,Teams.exe,0,0
10:54.8,chrome.exe,0,0
10:56.3,OUTLOOK.EXE,0,0
10:56.8,chrome.exe,0,0
11:02.8,WINWORD.EXE,0,0
11:05.8,WINWORD.EXE,0,0
24:45.3,chrome.exe,0,0
24:48.8,Teams.exe,0,0
24:49.8,SearchUI.exe,0,0
24:50.3,SearchUI.exe,0,0
24:50.8,StartMenuExperienceHost.exe,0,0
24:54.3,SearchUI.exe,0,0
24:55.3,OUTLOOK.EXE,0,0
24:57.3,OUTLOOK.EXE,0,0
24:58.3,OUTLOOK.EXE,0,0
25:00.3,OUTLOOK.EXE,0,0
25:01.8,OUTLOOK.EXE,0,0
25:04.3,OUTLOOK.EXE,0,0
25:04.8,OUTLOOK.EXE,0,0
25:05.3,OUTLOOK.EXE,0,0
25:05.8,OUTLOOK.EXE,0,0
25:18.8,OUTLOOK.EXE,0,0
25:21.3,explorer.exe,0,0
25:22.3,OUTLOOK.EXE,0,0
25:37.3,FoxitReader.exe,0,0
26:12.8,OUTLOOK.EXE,0,0
26:14.8,SearchUI.exe,0,0
26:15.8,StartMenuExperienceHost.exe,0,0
57:18.3,LockApp.exe,0,0
58:10.8,explorer.exe,0,0
58:15.3,SearchUI.exe,0,0
58:28.3,vpnui.exe,0,0
58:31.3,vpnui.exe,0,0
58:40.3,vpnui.exe,0,0
58:40.8,vpndownloader.exe,0,0
58:42.3,vpnui.exe,0,0
58:43.8,BESClientUI.exe,0,0
58:45.8,OUTLOOK.EXE,0,0
01:45.8,OUTLOOK.EXE,0,0
01:47.8,OUTLOOK.EXE,0,0
02:11.3,explorer.exe,0,0
02:12.3,OUTLOOK.EXE,0,0
02:18.8,OUTLOOK.EXE,0,0
02:23.3,Teams.exe,0,0
02:23.8,Teams.exe,0,0
02:32.8,Teams.exe,0,0
02:47.3,OUTLOOK.EXE,0,0
03:08.3,Teams.exe,0,0
03:08.8,Teams.exe,0,0
03:09.3,Teams.exe,0,0
04:43.6,Teams.exe,0,0
05:41.5,OUTLOOK.EXE,0,0
05:44.5,explorer.exe,0,0
05:46.0,chrome.exe,0,0
05:54.0,chrome.exe,0,0
06:28.5,Teams.exe,0,0
07:17.9,Teams.exe,0,0
07:22.4,chrome.exe,0,0
08:53.4,explorer.exe,0,0
08:55.4,OUTLOOK.EXE,0,0
11:46.4,Teams.exe,0,0
11:50.9,Teams.exe,0,0
11:56.9,OUTLOOK.EXE,0,0
12:34.4,Teams.exe,0,0
13:08.4,OUTLOOK.EXE,0,0
14:18.9,OUTLOOK.EXE,0,0
14:29.9,OUTLOOK.EXE,0,0
14:38.4,Teams.exe,0,0
18:28.4,explorer.exe,0,0
18:38.4,POWERPNT.EXE,0,0
19:53.9,explorer.exe,0,0
19:57.4,POWERPNT.EXE,0,0
20:04.4,POWERPNT.EXE,0,0
20:08.9,Teams.exe,0,0
21:17.4,POWERPNT.EXE,0,0
22:28.4,Teams.exe,0,0
22:28.9,Teams.exe,0,0
22:30.4,POWERPNT.EXE,0,0
22:47.4,Teams.exe,0,0
23:04.4,POWERPNT.EXE,0,0
28:28.4,Teams.exe,0,0
28:38.9,POWERPNT.EXE,0,0
28:43.9,Teams.exe,0,0
28:46.4,Teams.exe,0,0
29:04.4,POWERPNT.EXE,0,0
29:06.4,POWERPNT.EXE,0,0
29:09.9,POWERPNT.EXE,0,0
29:10.4,POWERPNT.EXE,0,0
29:13.4,OUTLOOK.EXE,0,0
29:16.9,explorer.exe,0,0
29:17.9,OUTLOOK.EXE,0,0
29:22.4,OUTLOOK.EXE,0,0
33:40.4,Teams.exe,0,0
33:50.9,OUTLOOK.EXE,0,0
39:24.4,Teams.exe,0,0
42:28.9,OUTLOOK.EXE,0,0
52:18.4,Teams.exe,0,0
54:21.9,explorer.exe,0,0
54:23.4,OUTLOOK.EXE,0,0
54:39.4,OUTLOOK.EXE,0,0
54:40.9,OUTLOOK.EXE,0,0
54:44.4,OUTLOOK.EXE,0,0
54:45.9,OUTLOOK.EXE,0,0
54:46.4,OUTLOOK.EXE,0,0
54:47.4,OUTLOOK.EXE,0,0
54:52.9,Teams.exe,0,0
54:56.4,Teams.exe,0,0
57:21.4,BESClientUI.exe,0,0
57:28.4,Teams.exe,0,0
57:30.4,Teams.exe,0,0
57:46.9,OUTLOOK.EXE,0,0
59:25.9,Teams.exe,0,0
59:26.4,OUTLOOK.EXE,0,0
01:37.9,wlrmdr.exe,0,0
01:39.4,OUTLOOK.EXE,0,0
01:43.9,SCNotification.exe,0,0
01:49.4,OUTLOOK.EXE,0,0
01:52.9,OUTLOOK.EXE,0,0
01:54.4,OUTLOOK.EXE,0,0
01:55.9,SCNotification.exe,0,0
01:59.4,ShellExperienceHost.exe,0,0
02:00.4,SCNotification.exe,0,0
02:06.9,OUTLOOK.EXE,0,0
02:12.4,WINWORD.EXE,0,0
02:12.9,OUTLOOK.EXE,0,0
02:14.4,explorer.exe,0,0
02:22.4,explorer.exe,0,0
02:25.9,explorer.exe,0,0
20:36.6,cmd.exe,0,0
20:45.1,explorer.exe,0,0
20:46.6,explorer.exe,0,0
20:47.1,explorer.exe,0,0
20:49.6,OUTLOOK.EXE,0,0
20:51.6,cmd.exe,0,0
20:53.1,explorer.exe,0,0
21:13.6,OUTLOOK.EXE,0,0
21:19.1,OUTLOOK.EXE,0,0
21:19.6,cmd.exe,0,0
21:21.6,explorer.exe,0,0
21:28.6,OUTLOOK.EXE,0,0
21:35.6,OUTLOOK.EXE,0,0
21:36.1,cmd.exe,0,0
21:44.6,explorer.exe,0,0
21:46.6,chrome.exe,0,0
21:53.1,explorer.exe,0,0
21:54.1,chrome.exe,0,0
21:56.1,chrome.exe,0,0
22:06.1,WINWORD.EXE,0,0
22:20.1,chrome.exe,0,0
23:29.1,chrome.exe,0,0
23:32.6,chrome.exe,0,0
24:55.6,WINWORD.EXE,0,0
24:56.6,WINWORD.EXE,0,0
25:00.1,chrome.exe,0,0
25:03.6,WINWORD.EXE,0,0
25:09.6,chrome.exe,0,0
25:10.1,chrome.exe,0,0
25:10.6,chrome.exe,0,0
25:11.1,chrome.exe,0,0
25:11.6,chrome.exe,0,0
28:41.1,WINWORD.EXE,0,0
28:45.1,WINWORD.EXE,0,0
28:46.6,WINWORD.EXE,0,0
28:47.6,chrome.exe,0,0
42:14.6,WINWORD.EXE,0,0
42:17.1,WINWORD.EXE,0,0
42:44.6,WINWORD.EXE,0,0
42:45.6,WINWORD.EXE,0,0
43:16.6,WINWORD.EXE,0,0
43:17.6,WINWORD.EXE,0,0
43:18.6,WINWORD.EXE,0,0
43:21.1,WINWORD.EXE,0,0
43:33.1,WINWORD.EXE,0,0
43:36.6,WINWORD.EXE,0,0
44:18.1,WINWORD.EXE,0,0
44:18.6,chrome.exe,0,0
46:16.6,WINWORD.EXE,0,0
50:52.1,WINWORD.EXE,0,0
50:53.1,WINWORD.EXE,0,0
56:51.1,WINWORD.EXE,0,0
56:53.1,WINWORD.EXE,0,0
56:54.6,chrome.exe,0,0
57:01.6,SearchUI.exe,0,0
57:02.6,StartMenuExperienceHost.exe,0,0
22:22.2,LockApp.exe,0,0
23:11.2,explorer.exe,0,0
23:11.7,SearchUI.exe,0,0
23:30.2,explorer.exe,0,0
23:31.7,OUTLOOK.EXE,0,0
23:47.2,chrome.exe,0,0
24:19.2,vpnui.exe,0,0
24:21.2,vpnui.exe,0,0
24:28.7,vpnui.exe,0,0
24:30.2,ShellExperienceHost.exe,0,0
24:42.2,vpnui.exe,0,0
24:46.7,vpnui.exe,0,0
24:53.3,vpnui.exe,0,0
24:53.8,vpndownloader.exe,0,0
24:55.2,chrome.exe,0,0
24:55.7,vpnui.exe,0,0
25:17.2,chrome.exe,0,0
30:57.8,OUTLOOK.EXE,0,0
31:00.3,OUTLOOK.EXE,0,0
31:04.3,Teams.exe,0,0
31:26.9,chrome.exe,0,0
32:54.5,Teams.exe,0,0
32:57.5,Teams.exe,0,0
34:01.1,chrome.exe,0,0
34:21.6,OUTLOOK.EXE,0,0
34:24.1,explorer.exe,0,0
34:25.1,OUTLOOK.EXE,0,0
34:46.1,explorer.exe,0,0
34:50.1,OUTLOOK.EXE,0,0
34:51.1,OUTLOOK.EXE,0,0
34:54.1,OUTLOOK.EXE,0,0
34:55.6,Teams.exe,0,0
35:20.1,OUTLOOK.EXE,0,0
35:22.6,OUTLOOK.EXE,0,0
35:23.1,OUTLOOK.EXE,0,0
35:26.6,Teams.exe,0,0
35:43.1,OUTLOOK.EXE,0,0
35:49.1,OUTLOOK.EXE,0,0
36:00.6,OUTLOOK.EXE,0,0
36:58.6,Teams.exe,0,0
37:08.1,Teams.exe,0,0
37:26.6,Teams.exe,0,0
42:17.1,Teams.exe,0,0
58:37.6,OUTLOOK.EXE,0,0
01:30.1,explorer.exe,0,0
01:30.6,OUTLOOK.EXE,0,0
01:37.1,OUTLOOK.EXE,0,0
01:39.6,Teams.exe,0,0
01:40.1,Teams.exe,0,0
01:51.6,Teams.exe,0,0
01:52.1,Teams.exe,0,0
01:52.6,Teams.exe,0,0
01:54.1,Teams.exe,0,0
02:04.6,explorer.exe,0,0
02:06.6,OUTLOOK.EXE,0,0
02:19.1,EXCEL.EXE,0,0
02:37.6,EXCEL.EXE,0,0
03:24.1,EXCEL.EXE,0,0
03:24.6,EXCEL.EXE,0,0
03:25.1,EXCEL.EXE,0,0
03:26.1,EXCEL.EXE,0,0
03:26.6,EXCEL.EXE,0,0
03:28.6,EXCEL.EXE,0,0
03:29.1,EXCEL.EXE,0,0
03:29.6,EXCEL.EXE,0,0
03:32.6,Teams.exe,0,0
03:39.1,EXCEL.EXE,0,0
04:29.1,Teams.exe,0,0
04:44.6,EXCEL.EXE,0,0
06:17.6,explorer.exe,0,0
06:18.6,OUTLOOK.EXE,0,0
06:20.6,OUTLOOK.EXE,0,0
06:29.6,EXCEL.EXE,0,0
06:58.1,OUTLOOK.EXE,0,0
07:08.1,EXCEL.EXE,0,0
08:13.6,explorer.exe,0,0
08:14.6,OUTLOOK.EXE,0,0
08:37.1,OUTLOOK.EXE,0,0
08:40.6,OUTLOOK.EXE,0,0
08:45.1,OUTLOOK.EXE,0,0
08:47.6,OUTLOOK.EXE,0,0
08:48.1,OUTLOOK.EXE,0,0
08:48.6,OUTLOOK.EXE,0,0
08:49.1,OUTLOOK.EXE,0,0
08:54.1,OUTLOOK.EXE,0,0
08:54.6,OUTLOOK.EXE,0,0
08:55.1,OUTLOOK.EXE,0,0
08:56.1,Teams.exe,0,0
09:00.6,OUTLOOK.EXE,0,0
09:06.1,Teams.exe,0,0
09:08.6,OUTLOOK.EXE,0,0
09:09.1,OUTLOOK.EXE,0,0
09:12.6,OUTLOOK.EXE,0,0
09:14.1,OUTLOOK.EXE,0,0
09:20.1,OUTLOOK.EXE,0,0
09:48.6,OUTLOOK.EXE,0,0
09:51.1,OUTLOOK.EXE,0,0
09:52.6,OUTLOOK.EXE,0,0
45:00.6,Teams.exe,0,0
45:01.1,OUTLOOK.EXE,0,0
45:03.1,EXCEL.EXE,0,0
45:03.6,EXCEL.EXE,0,0
58:06.1,LockApp.exe,0,0
58:12.1,explorer.exe,0,0
58:13.1,EXCEL.EXE,0,0
58:29.6,OUTLOOK.EXE,0,0
58:30.1,OUTLOOK.EXE,0,0
58:52.1,cmd.exe,0,0
